N2G	-3.529	Deleterious	
N2A	-3.573	Deleterious	
N2L	-4.513	Deleterious	
N2Q	-2.790	Deleterious	
N2C	-4.587	Deleterious	
N2S	-1.640	Neutral	
N2Y	-4.407	Deleterious	
N2F	-4.895	Deleterious	
N2H	-3.038	Deleterious	
N2P	-4.017	Deleterious	
N2E	-2.650	Deleterious	
N2R	-3.177	Deleterious	
N2K	-2.976	Deleterious	
I3G	-7.079	Deleterious	
I3A	-4.270	Deleterious	
I3L	-1.022	Neutral	
I3Q	-5.984	Deleterious	
I3C	-4.292	Deleterious	
I3S	-5.297	Deleterious	
I3Y	-4.286	Deleterious	
I3F	-3.437	Deleterious	
I3H	-6.329	Deleterious	
I3P	-6.229	Deleterious	
I3E	-6.138	Deleterious	
I3R	-6.082	Deleterious	
I3K	-5.982	Deleterious	
F4G	-4.127	Deleterious	
F4A	-3.024	Deleterious	
F4L	-2.973	Deleterious	
F4Q	-2.748	Deleterious	
F4C	-4.384	Deleterious	
F4S	-2.765	Deleterious	
F4Y	-1.174	Neutral	
F4H	-2.473	Neutral	
F4P	-4.364	Deleterious	
F4E	-1.748	Neutral	
F4R	-3.389	Deleterious	
F4K	-2.948	Deleterious	
E5G	-4.310	Deleterious	
E5A	-3.875	Deleterious	
E5L	-5.958	Deleterious	
E5Q	-1.854	Neutral	
E5C	-6.232	Deleterious	
E5S	-2.908	Deleterious	
E5Y	-5.205	Deleterious	
E5F	-5.910	Deleterious	
E5H	-3.500	Deleterious	
E5P	-4.055	Deleterious	
E5R	-3.331	Deleterious	
E5K	-2.290	Neutral	
M6G	-7.927	Deleterious	
M6A	-5.944	Deleterious	
M6L	-2.972	Deleterious	
M6Q	-4.954	Deleterious	
M6C	-5.945	Deleterious	
M6S	-5.944	Deleterious	
M6Y	-5.945	Deleterious	
M6F	-4.954	Deleterious	
M6H	-6.936	Deleterious	
M6P	-6.936	Deleterious	
M6E	-6.903	Deleterious	
M6R	-5.912	Deleterious	
M6K	-5.812	Deleterious	
L7G	-7.876	Deleterious	
L7A	-4.902	Deleterious	
L7Q	-5.921	Deleterious	
L7C	-4.902	Deleterious	
L7S	-5.893	Deleterious	
L7Y	-4.902	Deleterious	
L7F	-3.910	Deleterious	
L7H	-6.885	Deleterious	
L7P	-6.885	Deleterious	
L7E	-6.885	Deleterious	
L7R	-5.921	Deleterious	
L7K	-5.921	Deleterious	
R8G	-5.913	Deleterious	
R8A	-4.816	Deleterious	
R8L	-5.607	Deleterious	
R8Q	-3.077	Deleterious	
R8C	-6.671	Deleterious	
R8S	-4.738	Deleterious	
R8Y	-5.629	Deleterious	
R8F	-6.582	Deleterious	
R8H	-3.952	Deleterious	
R8P	-5.696	Deleterious	
R8E	-3.841	Deleterious	
R8K	-1.802	Neutral	
I9G	-3.066	Deleterious	
I9A	-1.821	Neutral	
I9L	-0.695	Neutral	
I9Q	-2.130	Neutral	
I9C	-2.339	Neutral	
I9S	-2.194	Neutral	
I9Y	0.229	Neutral	
I9F	-0.304	Neutral	
I9H	-1.719	Neutral	
I9P	-3.350	Deleterious	
I9E	-2.665	Deleterious	
I9R	-2.221	Neutral	
I9K	-2.521	Deleterious	
D10G	-6.940	Deleterious	
D10A	-7.932	Deleterious	
D10L	-9.915	Deleterious	
D10Q	-5.949	Deleterious	
D10C	-8.923	Deleterious	
D10S	-5.949	Deleterious	
D10Y	-8.923	Deleterious	
D10F	-8.923	Deleterious	
D10H	-6.940	Deleterious	
D10P	-6.940	Deleterious	
D10E	-3.966	Deleterious	
D10R	-7.932	Deleterious	
D10K	-6.940	Deleterious	
E11G	-6.939	Deleterious	
E11A	-5.948	Deleterious	
E11L	-7.931	Deleterious	
E11Q	-2.974	Deleterious	
E11C	-8.922	Deleterious	
E11S	-4.957	Deleterious	
E11Y	-6.939	Deleterious	
E11F	-7.931	Deleterious	
E11H	-4.956	Deleterious	
E11P	-5.948	Deleterious	
E11R	-4.957	Deleterious	
E11K	-3.965	Deleterious	
G12A	-5.890	Deleterious	
G12L	-9.830	Deleterious	
G12Q	-7.839	Deleterious	
G12C	-8.856	Deleterious	
G12S	-5.890	Deleterious	
G12Y	-8.847	Deleterious	
G12F	-8.856	Deleterious	
G12H	-7.848	Deleterious	
G12P	-7.864	Deleterious	
G12E	-7.848	Deleterious	
G12R	-7.805	Deleterious	
G12K	-7.831	Deleterious	
L13G	-5.453	Deleterious	
L13A	-3.012	Deleterious	
L13Q	-3.497	Deleterious	
L13C	-3.325	Deleterious	
L13S	-3.603	Deleterious	
L13Y	-2.405	Neutral	
L13F	-2.260	Neutral	
L13H	-4.042	Deleterious	
L13P	-4.708	Deleterious	
L13E	-4.055	Deleterious	
L13R	-3.530	Deleterious	
L13K	-3.597	Deleterious	
R14G	-5.497	Deleterious	
R14A	-4.545	Deleterious	
R14L	-5.534	Deleterious	
R14Q	-2.712	Deleterious	
R14C	-6.441	Deleterious	
R14S	-4.242	Deleterious	
R14Y	-5.548	Deleterious	
R14F	-6.447	Deleterious	
R14H	-3.950	Deleterious	
R14P	-5.222	Deleterious	
R14E	-3.258	Deleterious	
R14K	-1.126	Neutral	
L15G	-6.263	Deleterious	
L15A	-3.675	Deleterious	
L15Q	-4.360	Deleterious	
L15C	-4.055	Deleterious	
L15S	-4.304	Deleterious	
L15Y	-3.933	Deleterious	
L15F	-3.255	Deleterious	
L15H	-5.351	Deleterious	
L15P	-5.440	Deleterious	
L15E	-4.933	Deleterious	
L15R	-4.598	Deleterious	
L15K	-4.429	Deleterious	
K16G	-4.795	Deleterious	
K16A	-3.729	Deleterious	
K16L	-4.823	Deleterious	
K16Q	-2.396	Neutral	
K16C	-5.535	Deleterious	
K16S	-2.723	Deleterious	
K16Y	-4.918	Deleterious	
K16F	-5.640	Deleterious	
K16H	-4.039	Deleterious	
K16P	-4.011	Deleterious	
K16E	-2.113	Neutral	
K16R	-2.049	Neutral	
I17G	-6.198	Deleterious	
I17A	-3.556	Deleterious	
I17L	-1.449	Neutral	
I17Q	-5.107	Deleterious	
I17C	-3.890	Deleterious	
I17S	-4.815	Deleterious	
I17Y	-3.624	Deleterious	
I17F	-3.166	Deleterious	
I17H	-5.674	Deleterious	
I17P	-5.407	Deleterious	
I17E	-5.340	Deleterious	
I17R	-5.640	Deleterious	
I17K	-5.240	Deleterious	
Y18G	-9.917	Deleterious	
Y18A	-8.925	Deleterious	
Y18L	-7.933	Deleterious	
Y18Q	-7.933	Deleterious	
Y18C	-8.925	Deleterious	
Y18S	-8.925	Deleterious	
Y18F	-3.967	Deleterious	
Y18H	-4.958	Deleterious	
Y18P	-9.917	Deleterious	
Y18E	-8.925	Deleterious	
Y18R	-8.925	Deleterious	
Y18K	-8.925	Deleterious	
K19G	-3.474	Deleterious	
K19A	-3.071	Deleterious	
K19L	-3.086	Deleterious	
K19Q	-1.744	Neutral	
K19C	-3.866	Deleterious	
K19S	-2.569	Deleterious	
K19Y	-1.652	Neutral	
K19F	-2.499	Neutral	
K19H	-2.738	Deleterious	
K19P	-3.305	Deleterious	
K19E	-2.133	Neutral	
K19R	-1.608	Neutral	
D20G	-6.806	Deleterious	
D20A	-7.818	Deleterious	
D20L	-9.780	Deleterious	
D20Q	-5.836	Deleterious	
D20C	-8.810	Deleterious	
D20S	-5.813	Deleterious	
D20Y	-8.788	Deleterious	
D20F	-8.811	Deleterious	
D20H	-6.783	Deleterious	
D20P	-6.850	Deleterious	
D20E	-3.898	Deleterious	
D20R	-7.775	Deleterious	
D20K	-6.805	Deleterious	
T21G	-5.410	Deleterious	
T21A	-3.719	Deleterious	
T21L	-4.889	Deleterious	
T21Q	-4.433	Deleterious	
T21C	-4.823	Deleterious	
T21S	-2.579	Deleterious	
T21Y	-5.177	Deleterious	
T21F	-5.484	Deleterious	
T21H	-4.501	Deleterious	
T21P	-4.754	Deleterious	
T21E	-4.433	Deleterious	
T21R	-4.577	Deleterious	
T21K	-4.535	Deleterious	
E22G	-6.210	Deleterious	
E22A	-5.013	Deleterious	
E22L	-6.252	Deleterious	
E22Q	-2.476	Neutral	
E22C	-7.654	Deleterious	
E22S	-4.232	Deleterious	
E22Y	-5.903	Deleterious	
E22F	-6.690	Deleterious	
E22H	-4.352	Deleterious	
E22P	-5.224	Deleterious	
E22R	-4.155	Deleterious	
E22K	-3.243	Deleterious	
G23A	-5.950	Deleterious	
G23L	-9.889	Deleterious	
G23Q	-7.933	Deleterious	
G23C	-8.925	Deleterious	
G23S	-5.950	Deleterious	
G23Y	-8.925	Deleterious	
G23F	-8.925	Deleterious	
G23H	-7.933	Deleterious	
G23P	-7.933	Deleterious	
G23E	-7.933	Deleterious	
G23R	-7.911	Deleterious	
G23K	-7.861	Deleterious	
Y24G	-9.277	Deleterious	
Y24A	-8.363	Deleterious	
Y24L	-7.393	Deleterious	
Y24Q	-7.464	Deleterious	
Y24C	-8.380	Deleterious	
Y24S	-8.313	Deleterious	
Y24F	-3.525	Deleterious	
Y24H	-4.646	Deleterious	
Y24P	-9.351	Deleterious	
Y24E	-8.371	Deleterious	
Y24R	-8.371	Deleterious	
Y24K	-8.371	Deleterious	
Y25G	-4.443	Deleterious	
Y25A	-3.679	Deleterious	
Y25L	-3.899	Deleterious	
Y25Q	-3.188	Deleterious	
Y25C	-4.390	Deleterious	
Y25S	-3.679	Deleterious	
Y25F	-2.105	Neutral	
Y25H	-2.252	Neutral	
Y25P	-1.026	Neutral	
Y25E	-3.713	Deleterious	
Y25R	-4.118	Deleterious	
Y25K	-3.713	Deleterious	
T26G	-6.938	Deleterious	
T26A	-4.956	Deleterious	
T26L	-5.948	Deleterious	
T26Q	-5.946	Deleterious	
T26C	-5.948	Deleterious	
T26S	-3.964	Deleterious	
T26Y	-6.938	Deleterious	
T26F	-6.939	Deleterious	
T26H	-6.937	Deleterious	
T26P	-5.947	Deleterious	
T26E	-5.946	Deleterious	
T26R	-5.947	Deleterious	
T26K	-5.947	Deleterious	
I27G	-7.481	Deleterious	
I27A	-4.505	Deleterious	
I27L	-1.982	Neutral	
I27Q	-6.489	Deleterious	
I27C	-4.731	Deleterious	
I27S	-5.722	Deleterious	
I27Y	-4.732	Deleterious	
I27F	-3.965	Deleterious	
I27H	-6.714	Deleterious	
I27P	-6.490	Deleterious	
I27E	-6.490	Deleterious	
I27R	-6.714	Deleterious	
I27K	-6.490	Deleterious	
G28A	-5.949	Deleterious	
G28L	-9.916	Deleterious	
G28Q	-7.933	Deleterious	
G28C	-8.924	Deleterious	
G28S	-5.949	Deleterious	
G28Y	-8.924	Deleterious	
G28F	-8.924	Deleterious	
G28H	-7.933	Deleterious	
G28P	-7.933	Deleterious	
G28E	-7.933	Deleterious	
G28R	-7.933	Deleterious	
G28K	-7.933	Deleterious	
I29G	-7.797	Deleterious	
I29A	-4.822	Deleterious	
I29L	-1.983	Neutral	
I29Q	-6.806	Deleterious	
I29C	-4.890	Deleterious	
I29S	-5.881	Deleterious	
I29Y	-4.890	Deleterious	
I29F	-3.966	Deleterious	
I29H	-6.873	Deleterious	
I29P	-6.806	Deleterious	
I29E	-6.806	Deleterious	
I29R	-6.873	Deleterious	
I29K	-6.806	Deleterious	
G30A	-5.949	Deleterious	
G30L	-9.916	Deleterious	
G30Q	-7.933	Deleterious	
G30C	-8.924	Deleterious	
G30S	-5.949	Deleterious	
G30Y	-8.924	Deleterious	
G30F	-8.924	Deleterious	
G30H	-7.933	Deleterious	
G30P	-7.933	Deleterious	
G30E	-7.933	Deleterious	
G30R	-7.933	Deleterious	
G30K	-7.933	Deleterious	
H31G	-9.650	Deleterious	
H31A	-9.617	Deleterious	
H31L	-10.478	Deleterious	
H31Q	-7.500	Deleterious	
H31C	-10.642	Deleterious	
H31S	-8.625	Deleterious	
H31Y	-5.783	Deleterious	
H31F	-8.702	Deleterious	
H31P	-9.617	Deleterious	
H31E	-7.600	Deleterious	
H31R	-7.633	Deleterious	
H31K	-8.592	Deleterious	
L32G	-7.749	Deleterious	
L32A	-4.840	Deleterious	
L32Q	-5.866	Deleterious	
L32C	-4.874	Deleterious	
L32S	-5.838	Deleterious	
L32Y	-4.735	Deleterious	
L32F	-3.688	Deleterious	
L32H	-6.774	Deleterious	
L32P	-6.824	Deleterious	
L32E	-6.779	Deleterious	
L32R	-5.866	Deleterious	
L32K	-5.816	Deleterious	
L33G	-6.378	Deleterious	
L33A	-3.830	Deleterious	
L33Q	-4.779	Deleterious	
L33C	-3.978	Deleterious	
L33S	-4.747	Deleterious	
L33Y	-3.344	Deleterious	
L33F	-2.527	Deleterious	
L33H	-4.911	Deleterious	
L33P	-5.459	Deleterious	
L33E	-5.259	Deleterious	
L33R	-4.656	Deleterious	
L33K	-4.737	Deleterious	
T34G	-4.823	Deleterious	
T34A	-3.034	Deleterious	
T34L	-2.603	Deleterious	
T34Q	-2.841	Deleterious	
T34C	-3.790	Deleterious	
T34S	-2.332	Neutral	
T34Y	-4.287	Deleterious	
T34F	-4.078	Deleterious	
T34H	-4.321	Deleterious	
T34P	-3.949	Deleterious	
T34E	-2.884	Deleterious	
T34R	-3.143	Deleterious	
T34K	-2.896	Deleterious	
K35G	-5.471	Deleterious	
K35A	-4.387	Deleterious	
K35L	-5.286	Deleterious	
K35Q	-2.719	Deleterious	
K35C	-6.238	Deleterious	
K35S	-3.721	Deleterious	
K35Y	-4.905	Deleterious	
K35F	-5.819	Deleterious	
K35H	-3.935	Deleterious	
K35P	-4.224	Deleterious	
K35E	-2.810	Deleterious	
K35R	-1.824	Neutral	
S36G	-2.774	Deleterious	
S36A	-1.607	Neutral	
S36L	-2.910	Deleterious	
S36Q	-1.288	Neutral	
S36C	-3.083	Deleterious	
S36Y	-3.409	Deleterious	
S36F	-3.582	Deleterious	
S36H	-2.698	Deleterious	
S36P	-2.832	Deleterious	
S36E	-1.390	Neutral	
S36R	-2.298	Neutral	
S36K	-1.712	Neutral	
P37G	-5.178	Deleterious	
P37A	-4.164	Deleterious	
P37L	-5.886	Deleterious	
P37Q	-3.323	Deleterious	
P37C	-6.154	Deleterious	
P37S	-3.798	Deleterious	
P37Y	-5.702	Deleterious	
P37F	-6.722	Deleterious	
P37H	-4.437	Deleterious	
P37E	-3.586	Deleterious	
P37R	-3.141	Deleterious	
P37K	-2.404	Neutral	
S38G	-2.509	Deleterious	
S38A	-2.171	Neutral	
S38L	-4.074	Deleterious	
S38Q	-1.958	Neutral	
S38C	-3.659	Deleterious	
S38Y	-4.139	Deleterious	
S38F	-4.172	Deleterious	
S38H	-2.860	Deleterious	
S38P	-3.101	Deleterious	
S38E	-1.353	Neutral	
S38R	-3.224	Deleterious	
S38K	-2.371	Neutral	
L39G	-4.639	Deleterious	
L39A	-2.737	Deleterious	
L39Q	-2.534	Deleterious	
L39C	-3.405	Deleterious	
L39S	-2.967	Deleterious	
L39Y	-3.173	Deleterious	
L39F	-2.740	Deleterious	
L39H	-3.770	Deleterious	
L39P	-3.948	Deleterious	
L39E	-3.387	Deleterious	
L39R	-1.573	Neutral	
L39K	-1.673	Neutral	
N40G	-2.084	Neutral	
N40A	-3.392	Deleterious	
N40L	-5.390	Deleterious	
N40Q	-3.224	Deleterious	
N40C	-5.077	Deleterious	
N40S	-1.986	Neutral	
N40Y	-4.963	Deleterious	
N40F	-5.382	Deleterious	
N40H	-3.195	Deleterious	
N40P	-4.307	Deleterious	
N40E	-2.966	Deleterious	
N40R	-3.553	Deleterious	
N40K	-3.400	Deleterious	
A41G	-2.647	Deleterious	
A41L	-1.745	Neutral	
A41Q	-1.488	Neutral	
A41C	-2.422	Neutral	
A41S	-1.263	Neutral	
A41Y	-2.682	Deleterious	
A41F	-2.890	Deleterious	
A41H	-2.633	Deleterious	
A41P	-2.596	Deleterious	
A41E	-1.606	Neutral	
A41R	-1.827	Neutral	
A41K	-1.900	Neutral	
A42G	-2.731	Deleterious	
A42L	-2.080	Neutral	
A42Q	-3.701	Deleterious	
A42C	-2.584	Deleterious	
A42S	-2.010	Neutral	
A42Y	-3.739	Deleterious	
A42F	-3.383	Deleterious	
A42H	-4.378	Deleterious	
A42P	-3.664	Deleterious	
A42E	-3.736	Deleterious	
A42R	-3.781	Deleterious	
A42K	-3.759	Deleterious	
K43G	-3.372	Deleterious	
K43A	-3.225	Deleterious	
K43L	-3.213	Deleterious	
K43Q	-1.629	Neutral	
K43C	-4.519	Deleterious	
K43S	-1.839	Neutral	
K43Y	-3.691	Deleterious	
K43F	-4.336	Deleterious	
K43H	-2.370	Neutral	
K43P	-3.532	Deleterious	
K43E	-1.773	Neutral	
K43R	-1.041	Neutral	
S44G	-2.589	Deleterious	
S44A	-1.516	Neutral	
S44L	-2.793	Deleterious	
S44Q	-1.439	Neutral	
S44C	-3.185	Deleterious	
S44Y	-3.141	Deleterious	
S44F	-3.388	Deleterious	
S44H	-2.002	Neutral	
S44P	-3.024	Deleterious	
S44E	-1.689	Neutral	
S44R	-1.363	Neutral	
S44K	-0.906	Neutral	
E45G	-4.401	Deleterious	
E45A	-2.801	Deleterious	
E45L	-3.232	Deleterious	
E45Q	-1.627	Neutral	
E45C	-4.796	Deleterious	
E45S	-2.516	Deleterious	
E45Y	-3.698	Deleterious	
E45F	-4.043	Deleterious	
E45H	-2.997	Deleterious	
E45P	-3.565	Deleterious	
E45R	-2.898	Deleterious	
E45K	-2.263	Neutral	
L46G	-7.602	Deleterious	
L46A	-4.818	Deleterious	
L46Q	-5.416	Deleterious	
L46C	-4.857	Deleterious	
L46S	-5.630	Deleterious	
L46Y	-4.858	Deleterious	
L46F	-3.894	Deleterious	
L46H	-6.294	Deleterious	
L46P	-6.671	Deleterious	
L46E	-6.464	Deleterious	
L46R	-5.539	Deleterious	
L46K	-5.395	Deleterious	
D47G	-3.705	Deleterious	
D47A	-4.162	Deleterious	
D47L	-6.491	Deleterious	
D47Q	-3.381	Deleterious	
D47C	-5.655	Deleterious	
D47S	-1.914	Neutral	
D47Y	-5.950	Deleterious	
D47F	-5.977	Deleterious	
D47H	-4.372	Deleterious	
D47P	-4.406	Deleterious	
D47E	-2.165	Neutral	
D47R	-4.930	Deleterious	
D47K	-3.972	Deleterious	
K48G	-5.145	Deleterious	
K48A	-4.452	Deleterious	
K48L	-5.652	Deleterious	
K48Q	-2.287	Neutral	
K48C	-6.411	Deleterious	
K48S	-3.253	Deleterious	
K48Y	-5.445	Deleterious	
K48F	-6.428	Deleterious	
K48H	-4.212	Deleterious	
K48P	-4.639	Deleterious	
K48E	-2.454	Neutral	
K48R	-2.091	Neutral	
A49G	-2.500	Deleterious	
A49L	-1.985	Neutral	
A49Q	-0.263	Neutral	
A49C	-2.572	Deleterious	
A49S	-1.019	Neutral	
A49Y	-2.416	Neutral	
A49F	-3.127	Deleterious	
A49H	-1.876	Neutral	
A49P	-2.447	Neutral	
A49E	-1.102	Neutral	
A49R	-1.502	Neutral	
A49K	-1.469	Neutral	
I50G	-6.810	Deleterious	
I50A	-3.868	Deleterious	
I50L	-1.416	Neutral	
I50Q	-5.635	Deleterious	
I50C	-4.246	Deleterious	
I50S	-5.205	Deleterious	
I50Y	-4.247	Deleterious	
I50F	-3.633	Deleterious	
I50H	-6.196	Deleterious	
I50P	-5.818	Deleterious	
I50E	-5.791	Deleterious	
I50R	-6.046	Deleterious	
I50K	-5.668	Deleterious	
G51A	-5.883	Deleterious	
G51L	-9.783	Deleterious	
G51Q	-7.777	Deleterious	
G51C	-8.836	Deleterious	
G51S	-5.827	Deleterious	
G51Y	-8.814	Deleterious	
G51F	-8.836	Deleterious	
G51H	-7.805	Deleterious	
G51P	-7.822	Deleterious	
G51E	-7.755	Deleterious	
G51R	-7.755	Deleterious	
G51K	-7.688	Deleterious	
R52G	-6.173	Deleterious	
R52A	-5.459	Deleterious	
R52L	-6.402	Deleterious	
R52Q	-3.549	Deleterious	
R52C	-7.349	Deleterious	
R52S	-5.310	Deleterious	
R52Y	-5.996	Deleterious	
R52F	-7.165	Deleterious	
R52H	-3.635	Deleterious	
R52P	-6.407	Deleterious	
R52E	-4.346	Deleterious	
R52K	-2.730	Deleterious	
N53G	-2.889	Deleterious	
N53A	-3.261	Deleterious	
N53L	-4.116	Deleterious	
N53Q	-1.358	Neutral	
N53C	-4.748	Deleterious	
N53S	-1.744	Neutral	
N53Y	-3.881	Deleterious	
N53F	-4.727	Deleterious	
N53H	-2.240	Neutral	
N53P	-3.008	Deleterious	
N53E	-1.338	Neutral	
N53R	-2.110	Neutral	
N53K	-1.709	Neutral	
C54G	-2.078	Neutral	
C54A	-0.333	Neutral	
C54L	-0.291	Neutral	
C54Q	-1.736	Neutral	
C54S	-0.413	Neutral	
C54Y	-1.824	Neutral	
C54F	-1.749	Neutral	
C54H	-2.417	Neutral	
C54P	-1.419	Neutral	
C54E	-1.862	Neutral	
C54R	-1.941	Neutral	
C54K	-1.591	Neutral	
N55G	-4.640	Deleterious	
N55A	-5.556	Deleterious	
N55L	-6.455	Deleterious	
N55Q	-3.720	Deleterious	
N55C	-6.643	Deleterious	
N55S	-3.328	Deleterious	
N55Y	-5.675	Deleterious	
N55F	-6.611	Deleterious	
N55H	-3.573	Deleterious	
N55P	-4.791	Deleterious	
N55E	-3.698	Deleterious	
N55R	-4.059	Deleterious	
N55K	-3.792	Deleterious	
G56A	-5.717	Deleterious	
G56L	-9.406	Deleterious	
G56Q	-7.544	Deleterious	
G56C	-8.586	Deleterious	
G56S	-5.683	Deleterious	
G56Y	-8.586	Deleterious	
G56F	-8.553	Deleterious	
G56H	-7.644	Deleterious	
G56P	-6.744	Deleterious	
G56E	-7.411	Deleterious	
G56R	-7.633	Deleterious	
G56K	-7.561	Deleterious	
V57G	-3.639	Deleterious	
V57A	-1.533	Neutral	
V57L	-1.566	Neutral	
V57Q	-2.076	Neutral	
V57C	-2.917	Deleterious	
V57S	-2.238	Neutral	
V57Y	-2.451	Neutral	
V57F	-2.868	Deleterious	
V57H	-2.934	Deleterious	
V57P	-3.031	Deleterious	
V57E	-2.292	Neutral	
V57R	-2.123	Neutral	
V57K	-1.842	Neutral	
I58G	-7.632	Deleterious	
I58A	-4.822	Deleterious	
I58L	-1.849	Neutral	
I58Q	-6.641	Deleterious	
I58C	-4.856	Deleterious	
I58S	-5.719	Deleterious	
I58Y	-4.873	Deleterious	
I58F	-3.899	Deleterious	
I58H	-6.784	Deleterious	
I58P	-5.694	Deleterious	
I58E	-6.675	Deleterious	
I58R	-6.750	Deleterious	
I58K	-6.586	Deleterious	
T59G	-5.765	Deleterious	
T59A	-4.039	Deleterious	
T59L	-5.406	Deleterious	
T59Q	-5.039	Deleterious	
T59C	-5.231	Deleterious	
T59S	-2.681	Deleterious	
T59Y	-6.214	Deleterious	
T59F	-6.214	Deleterious	
T59H	-6.030	Deleterious	
T59P	-5.231	Deleterious	
T59E	-5.039	Deleterious	
T59R	-5.206	Deleterious	
T59K	-4.989	Deleterious	
K60G	-3.468	Deleterious	
K60A	-2.129	Neutral	
K60L	-3.538	Deleterious	
K60Q	-1.317	Neutral	
K60C	-4.250	Deleterious	
K60S	-1.740	Neutral	
K60Y	-3.845	Deleterious	
K60F	-4.352	Deleterious	
K60H	-3.088	Deleterious	
K60P	-3.073	Deleterious	
K60E	-1.134	Neutral	
K60R	-1.516	Neutral	
D61G	-4.189	Deleterious	
D61A	-3.820	Deleterious	
D61L	-6.055	Deleterious	
D61Q	-2.621	Deleterious	
D61C	-5.769	Deleterious	
D61S	-2.628	Deleterious	
D61Y	-5.436	Deleterious	
D61F	-5.765	Deleterious	
D61H	-3.772	Deleterious	
D61P	-4.092	Deleterious	
D61E	-0.910	Neutral	
D61R	-4.137	Deleterious	
D61K	-3.234	Deleterious	
E62G	-6.556	Deleterious	
E62A	-5.800	Deleterious	
E62L	-7.800	Deleterious	
E62Q	-2.900	Deleterious	
E62C	-8.600	Deleterious	
E62S	-4.700	Deleterious	
E62Y	-6.800	Deleterious	
E62F	-7.700	Deleterious	
E62H	-4.800	Deleterious	
E62P	-5.633	Deleterious	
E62R	-4.900	Deleterious	
E62K	-3.900	Deleterious	
A63G	-3.456	Deleterious	
A63L	-3.550	Deleterious	
A63Q	-3.817	Deleterious	
A63C	-1.750	Neutral	
A63S	-2.089	Neutral	
A63Y	-4.528	Deleterious	
A63F	-4.578	Deleterious	
A63H	-4.767	Deleterious	
A63P	-4.033	Deleterious	
A63E	-3.950	Deleterious	
A63R	-4.094	Deleterious	
A63K	-3.900	Deleterious	
E64G	-3.878	Deleterious	
E64A	-2.917	Deleterious	
E64L	-4.952	Deleterious	
E64Q	-1.600	Neutral	
E64C	-5.329	Deleterious	
E64S	-1.365	Neutral	
E64Y	-4.579	Deleterious	
E64F	-5.113	Deleterious	
E64H	-3.122	Deleterious	
E64P	-3.689	Deleterious	
E64R	-2.927	Deleterious	
E64K	-2.133	Neutral	
K65G	-4.229	Deleterious	
K65A	-2.650	Deleterious	
K65L	-3.858	Deleterious	
K65Q	-1.802	Neutral	
K65C	-4.584	Deleterious	
K65S	-2.286	Neutral	
K65Y	-3.956	Deleterious	
K65F	-4.747	Deleterious	
K65H	-3.530	Deleterious	
K65P	-3.572	Deleterious	
K65E	-2.179	Neutral	
K65R	-1.538	Neutral	
L66G	-7.733	Deleterious	
L66A	-4.733	Deleterious	
L66Q	-5.833	Deleterious	
L66C	-4.766	Deleterious	
L66S	-5.766	Deleterious	
L66Y	-4.766	Deleterious	
L66F	-3.800	Deleterious	
L66H	-6.766	Deleterious	
L66P	-6.733	Deleterious	
L66E	-6.733	Deleterious	
L66R	-5.866	Deleterious	
L66K	-5.833	Deleterious	
F67G	-8.832	Deleterious	
F67A	-7.765	Deleterious	
F67L	-5.666	Deleterious	
F67Q	-8.766	Deleterious	
F67C	-7.766	Deleterious	
F67S	-7.799	Deleterious	
F67Y	-2.933	Deleterious	
F67H	-6.866	Deleterious	
F67P	-9.766	Deleterious	
F67E	-8.799	Deleterious	
F67R	-8.766	Deleterious	
F67K	-8.766	Deleterious	
N68G	-3.276	Deleterious	
N68A	-3.292	Deleterious	
N68L	-5.214	Deleterious	
N68Q	-2.082	Neutral	
N68C	-5.117	Deleterious	
N68S	-1.704	Neutral	
N68Y	-4.592	Deleterious	
N68F	-5.414	Deleterious	
N68H	-2.565	Deleterious	
N68P	-4.159	Deleterious	
N68E	-1.565	Neutral	
N68R	-2.860	Deleterious	
N68K	-2.537	Deleterious	
Q69G	-4.266	Deleterious	
Q69A	-3.300	Deleterious	
Q69L	-4.666	Deleterious	
Q69C	-5.300	Deleterious	
Q69S	-2.164	Neutral	
Q69Y	-4.166	Deleterious	
Q69F	-5.400	Deleterious	
Q69H	-2.935	Deleterious	
Q69P	-3.731	Deleterious	
Q69E	-1.197	Neutral	
Q69R	-1.274	Neutral	
Q69K	-1.126	Neutral	
D70G	-6.767	Deleterious	
D70A	-7.700	Deleterious	
D70L	-9.733	Deleterious	
D70Q	-5.800	Deleterious	
D70C	-8.733	Deleterious	
D70S	-5.667	Deleterious	
D70Y	-8.767	Deleterious	
D70F	-8.767	Deleterious	
D70H	-6.800	Deleterious	
D70P	-6.800	Deleterious	
D70E	-3.867	Deleterious	
D70R	-7.767	Deleterious	
D70K	-6.767	Deleterious	
V71G	-6.286	Deleterious	
V71A	-3.343	Deleterious	
V71L	-1.152	Neutral	
V71Q	-4.971	Deleterious	
V71C	-4.010	Deleterious	
V71S	-4.926	Deleterious	
V71Y	-3.960	Deleterious	
V71F	-3.613	Deleterious	
V71H	-5.912	Deleterious	
V71P	-5.299	Deleterious	
V71E	-5.259	Deleterious	
V71R	-5.599	Deleterious	
V71K	-4.916	Deleterious	
D72G	-3.713	Deleterious	
D72A	-3.566	Deleterious	
D72L	-5.667	Deleterious	
D72Q	-2.375	Neutral	
D72C	-5.333	Deleterious	
D72S	-2.263	Neutral	
D72Y	-5.179	Deleterious	
D72F	-5.546	Deleterious	
D72H	-3.525	Deleterious	
D72P	-3.852	Deleterious	
D72E	-1.204	Neutral	
D72R	-3.630	Deleterious	
D72K	-2.686	Deleterious	
A73G	-1.963	Neutral	
A73L	-2.917	Deleterious	
A73Q	-1.745	Neutral	
A73C	-2.675	Deleterious	
A73S	-0.583	Neutral	
A73Y	-3.387	Deleterious	
A73F	-3.662	Deleterious	
A73H	-2.891	Deleterious	
A73P	-2.455	Neutral	
A73E	-1.567	Neutral	
A73R	-1.763	Neutral	
A73K	-0.813	Neutral	
A74G	-3.333	Deleterious	
A74L	-2.422	Neutral	
A74Q	-3.305	Deleterious	
A74C	-2.611	Deleterious	
A74S	-2.039	Neutral	
A74Y	-3.844	Deleterious	
A74F	-3.755	Deleterious	
A74H	-4.355	Deleterious	
A74P	-3.483	Deleterious	
A74E	-3.438	Deleterious	
A74R	-3.555	Deleterious	
A74K	-3.261	Deleterious	
V75G	-3.385	Deleterious	
V75A	-1.379	Neutral	
V75L	-1.046	Neutral	
V75Q	-1.007	Neutral	
V75C	-2.618	Deleterious	
V75S	-1.966	Neutral	
V75Y	-1.502	Neutral	
V75F	-2.230	Neutral	
V75H	-2.193	Neutral	
V75P	-2.616	Deleterious	
V75E	-1.627	Neutral	
V75R	-1.236	Neutral	
V75K	-0.967	Neutral	
R76G	-4.567	Deleterious	
R76A	-3.533	Deleterious	
R76L	-5.064	Deleterious	
R76Q	-2.360	Neutral	
R76C	-5.641	Deleterious	
R76S	-3.193	Deleterious	
R76Y	-5.110	Deleterious	
R76F	-5.941	Deleterious	
R76H	-3.378	Deleterious	
R76P	-4.878	Deleterious	
R76E	-3.133	Deleterious	
R76K	-1.756	Neutral	
G77A	-2.721	Deleterious	
G77L	-5.774	Deleterious	
G77Q	-3.003	Deleterious	
G77C	-5.063	Deleterious	
G77S	-1.814	Neutral	
G77Y	-5.014	Deleterious	
G77F	-5.181	Deleterious	
G77H	-3.740	Deleterious	
G77P	-3.814	Deleterious	
G77E	-2.437	Neutral	
G77R	-3.803	Deleterious	
G77K	-3.303	Deleterious	
I78G	-6.924	Deleterious	
I78A	-4.293	Deleterious	
I78L	-1.533	Neutral	
I78Q	-5.657	Deleterious	
I78C	-4.388	Deleterious	
I78S	-4.915	Deleterious	
I78Y	-4.355	Deleterious	
I78F	-3.477	Deleterious	
I78H	-6.043	Deleterious	
I78P	-6.043	Deleterious	
I78E	-5.691	Deleterious	
I78R	-5.871	Deleterious	
I78K	-5.698	Deleterious	
L79G	-3.119	Deleterious	
L79A	-1.581	Neutral	
L79Q	-1.546	Neutral	
L79C	-2.603	Deleterious	
L79S	-1.510	Neutral	
L79Y	-2.231	Neutral	
L79F	-2.126	Neutral	
L79H	-2.517	Deleterious	
L79P	-2.988	Deleterious	
L79E	-2.116	Neutral	
L79R	-1.573	Neutral	
L79K	-1.082	Neutral	
R80G	-3.677	Deleterious	
R80A	-3.150	Deleterious	
R80L	-4.684	Deleterious	
R80Q	-2.112	Neutral	
R80C	-5.082	Deleterious	
R80S	-2.327	Neutral	
R80Y	-4.638	Deleterious	
R80F	-5.333	Deleterious	
R80H	-3.022	Deleterious	
R80P	-4.271	Deleterious	
R80E	-2.694	Deleterious	
R80K	-1.192	Neutral	
N81G	-3.984	Deleterious	
N81A	-4.934	Deleterious	
N81L	-5.684	Deleterious	
N81Q	-3.562	Deleterious	
N81C	-5.823	Deleterious	
N81S	-2.828	Deleterious	
N81Y	-3.674	Deleterious	
N81F	-4.901	Deleterious	
N81H	-1.957	Neutral	
N81P	-5.340	Deleterious	
N81E	-3.673	Deleterious	
N81R	-3.745	Deleterious	
N81K	-3.640	Deleterious	
A82G	-2.552	Deleterious	
A82L	-3.413	Deleterious	
A82Q	-2.540	Deleterious	
A82C	-2.865	Deleterious	
A82S	-0.892	Neutral	
A82Y	-3.716	Deleterious	
A82F	-4.082	Deleterious	
A82H	-3.480	Deleterious	
A82P	-1.505	Neutral	
A82E	-2.296	Neutral	
A82R	-3.017	Deleterious	
A82K	-2.630	Deleterious	
K83G	-3.802	Deleterious	
K83A	-2.459	Neutral	
K83L	-3.438	Deleterious	
K83Q	-1.935	Neutral	
K83C	-4.223	Deleterious	
K83S	-2.116	Neutral	
K83Y	-3.886	Deleterious	
K83F	-4.445	Deleterious	
K83H	-3.254	Deleterious	
K83P	-3.286	Deleterious	
K83E	-1.813	Neutral	
K83R	-1.545	Neutral	
L84G	-6.771	Deleterious	
L84A	-3.889	Deleterious	
L84Q	-5.160	Deleterious	
L84C	-4.079	Deleterious	
L84S	-5.044	Deleterious	
L84Y	-4.079	Deleterious	
L84F	-3.285	Deleterious	
L84H	-5.794	Deleterious	
L84P	-5.839	Deleterious	
L84E	-5.805	Deleterious	
L84R	-5.333	Deleterious	
L84K	-5.094	Deleterious	
K85G	-2.586	Deleterious	
K85A	-2.686	Deleterious	
K85L	-4.492	Deleterious	
K85Q	-2.065	Neutral	
K85C	-4.781	Deleterious	
K85S	-1.981	Neutral	
K85Y	-4.065	Deleterious	
K85F	-4.814	Deleterious	
K85H	-3.009	Deleterious	
K85P	-3.582	Deleterious	
K85E	-2.165	Neutral	
K85R	-1.399	Neutral	
P86G	-6.191	Deleterious	
P86A	-5.369	Deleterious	
P86L	-7.152	Deleterious	
P86Q	-5.131	Deleterious	
P86C	-7.263	Deleterious	
P86S	-5.008	Deleterious	
P86Y	-7.147	Deleterious	
P86F	-8.007	Deleterious	
P86H	-6.297	Deleterious	
P86E	-5.131	Deleterious	
P86R	-6.219	Deleterious	
P86K	-5.376	Deleterious	
V87G	-6.180	Deleterious	
V87A	-3.198	Deleterious	
V87L	-2.414	Neutral	
V87Q	-5.297	Deleterious	
V87C	-4.281	Deleterious	
V87S	-5.029	Deleterious	
V87Y	-4.431	Deleterious	
V87F	-4.347	Deleterious	
V87H	-6.213	Deleterious	
V87P	-5.331	Deleterious	
V87E	-5.331	Deleterious	
V87R	-6.079	Deleterious	
V87K	-5.297	Deleterious	
Y88G	-9.514	Deleterious	
Y88A	-8.576	Deleterious	
Y88L	-7.560	Deleterious	
Y88Q	-7.676	Deleterious	
Y88C	-8.562	Deleterious	
Y88S	-8.593	Deleterious	
Y88F	-3.607	Deleterious	
Y88H	-4.852	Deleterious	
Y88P	-9.610	Deleterious	
Y88E	-8.626	Deleterious	
Y88R	-8.626	Deleterious	
Y88K	-8.626	Deleterious	
D89G	-4.083	Deleterious	
D89A	-3.986	Deleterious	
D89L	-5.163	Deleterious	
D89Q	-3.069	Deleterious	
D89C	-5.091	Deleterious	
D89S	-2.752	Deleterious	
D89Y	-5.068	Deleterious	
D89F	-5.130	Deleterious	
D89H	-3.959	Deleterious	
D89P	-4.116	Deleterious	
D89E	-2.073	Neutral	
D89R	-4.453	Deleterious	
D89K	-3.687	Deleterious	
S90G	-2.225	Neutral	
S90A	-1.171	Neutral	
S90L	-3.133	Deleterious	
S90Q	-1.671	Neutral	
S90C	-3.133	Deleterious	
S90Y	-3.470	Deleterious	
S90F	-3.678	Deleterious	
S90H	-2.795	Deleterious	
S90P	-2.837	Deleterious	
S90E	-1.787	Neutral	
S90R	-1.990	Neutral	
S90K	-1.094	Neutral	
L91G	-6.396	Deleterious	
L91A	-3.550	Deleterious	
L91Q	-4.658	Deleterious	
L91C	-2.849	Deleterious	
L91S	-4.528	Deleterious	
L91Y	-3.882	Deleterious	
L91F	-3.163	Deleterious	
L91H	-5.578	Deleterious	
L91P	-5.514	Deleterious	
L91E	-5.413	Deleterious	
L91R	-4.859	Deleterious	
L91K	-4.728	Deleterious	
D92G	-5.449	Deleterious	
D92A	-6.566	Deleterious	
D92L	-8.366	Deleterious	
D92Q	-4.700	Deleterious	
D92C	-7.583	Deleterious	
D92S	-4.366	Deleterious	
D92Y	-7.416	Deleterious	
D92F	-7.616	Deleterious	
D92H	-5.283	Deleterious	
D92P	-5.883	Deleterious	
D92E	-3.200	Deleterious	
D92R	-6.233	Deleterious	
D92K	-5.449	Deleterious	
A93G	-1.910	Neutral	
A93L	-3.070	Deleterious	
A93Q	-1.488	Neutral	
A93C	-2.628	Deleterious	
A93S	-0.871	Neutral	
A93Y	-3.337	Deleterious	
A93F	-3.720	Deleterious	
A93H	-2.521	Deleterious	
A93P	-1.571	Neutral	
A93E	-1.205	Neutral	
A93R	-1.371	Neutral	
A93K	-1.388	Neutral	
V94G	-4.150	Deleterious	
V94A	-1.950	Neutral	
V94L	-1.867	Neutral	
V94Q	-3.383	Deleterious	
V94C	-3.050	Deleterious	
V94S	-2.383	Neutral	
V94Y	-3.267	Deleterious	
V94F	-3.267	Deleterious	
V94H	-4.183	Deleterious	
V94P	-3.383	Deleterious	
V94E	-3.383	Deleterious	
V94R	-4.133	Deleterious	
V94K	-3.383	Deleterious	
R95G	-6.883	Deleterious	
R95A	-5.899	Deleterious	
R95L	-6.883	Deleterious	
R95Q	-3.933	Deleterious	
R95C	-7.866	Deleterious	
R95S	-5.899	Deleterious	
R95Y	-6.883	Deleterious	
R95F	-7.866	Deleterious	
R95H	-4.916	Deleterious	
R95P	-6.883	Deleterious	
R95E	-4.916	Deleterious	
R95K	-2.950	Deleterious	
R96G	-5.240	Deleterious	
R96A	-4.257	Deleterious	
R96L	-5.241	Deleterious	
R96Q	-1.359	Neutral	
R96C	-6.223	Deleterious	
R96S	-3.790	Deleterious	
R96Y	-5.005	Deleterious	
R96F	-6.222	Deleterious	
R96H	-3.506	Deleterious	
R96P	-4.774	Deleterious	
R96E	-2.574	Deleterious	
R96K	-0.845	Neutral	
C97G	-1.210	Neutral	
C97A	1.360	Neutral	
C97L	0.184	Neutral	
C97Q	-0.352	Neutral	
C97S	0.437	Neutral	
C97Y	-1.377	Neutral	
C97F	-1.088	Neutral	
C97H	-1.595	Neutral	
C97P	-1.275	Neutral	
C97E	-1.137	Neutral	
C97R	-0.719	Neutral	
C97K	-0.586	Neutral	
A98G	-3.932	Deleterious	
A98L	-4.912	Deleterious	
A98Q	-4.914	Deleterious	
A98C	-3.930	Deleterious	
A98S	-2.948	Deleterious	
A98Y	-5.896	Deleterious	
A98F	-5.896	Deleterious	
A98H	-5.897	Deleterious	
A98P	-4.914	Deleterious	
A98E	-4.914	Deleterious	
A98R	-4.915	Deleterious	
A98K	-4.914	Deleterious	
L99G	-7.345	Deleterious	
L99A	-4.398	Deleterious	
L99Q	-5.634	Deleterious	
L99C	-4.404	Deleterious	
L99S	-5.382	Deleterious	
L99Y	-4.404	Deleterious	
L99F	-3.421	Deleterious	
L99H	-6.367	Deleterious	
L99P	-6.367	Deleterious	
L99E	-6.366	Deleterious	
L99R	-5.635	Deleterious	
L99K	-5.635	Deleterious	
I100G	-4.781	Deleterious	
I100A	-2.414	Neutral	
I100L	-1.266	Neutral	
I100Q	-3.031	Deleterious	
I100C	-3.048	Deleterious	
I100S	-2.931	Deleterious	
I100Y	-2.615	Deleterious	
I100F	-2.449	Neutral	
I100H	-3.548	Deleterious	
I100P	-3.898	Deleterious	
I100E	-2.297	Neutral	
I100R	-3.665	Deleterious	
I100K	-3.331	Deleterious	
N101G	-5.899	Deleterious	
N101A	-7.865	Deleterious	
N101L	-8.849	Deleterious	
N101Q	-5.899	Deleterious	
N101C	-8.849	Deleterious	
N101S	-4.916	Deleterious	
N101Y	-7.866	Deleterious	
N101F	-8.849	Deleterious	
N101H	-4.916	Deleterious	
N101P	-7.866	Deleterious	
N101E	-5.899	Deleterious	
N101R	-5.899	Deleterious	
N101K	-5.899	Deleterious	
M102G	-7.789	Deleterious	
M102A	-5.789	Deleterious	
M102L	-2.777	Deleterious	
M102Q	-4.873	Deleterious	
M102C	-5.792	Deleterious	
M102S	-5.823	Deleterious	
M102Y	-5.790	Deleterious	
M102F	-4.810	Deleterious	
M102H	-6.805	Deleterious	
M102P	-6.807	Deleterious	
M102E	-6.804	Deleterious	
M102R	-5.823	Deleterious	
M102K	-5.823	Deleterious	
V103G	-4.742	Deleterious	
V103A	-1.884	Neutral	
V103L	-1.979	Neutral	
V103Q	-3.990	Deleterious	
V103C	-2.658	Deleterious	
V103S	-3.367	Deleterious	
V103Y	-3.669	Deleterious	
V103F	-3.601	Deleterious	
V103H	-4.982	Deleterious	
V103P	-4.168	Deleterious	
V103E	-4.181	Deleterious	
V103R	-4.717	Deleterious	
V103K	-4.057	Deleterious	
F104G	-8.849	Deleterious	
F104A	-7.865	Deleterious	
F104L	-5.899	Deleterious	
F104Q	-8.848	Deleterious	
F104C	-7.865	Deleterious	
F104S	-7.865	Deleterious	
F104Y	-2.950	Deleterious	
F104H	-6.882	Deleterious	
F104P	-9.832	Deleterious	
F104E	-8.849	Deleterious	
F104R	-8.848	Deleterious	
F104K	-8.848	Deleterious	
Q105G	-6.881	Deleterious	
Q105A	-5.898	Deleterious	
Q105L	-6.881	Deleterious	
Q105C	-7.865	Deleterious	
Q105S	-4.915	Deleterious	
Q105Y	-5.899	Deleterious	
Q105F	-7.865	Deleterious	
Q105H	-4.915	Deleterious	
Q105P	-5.898	Deleterious	
Q105E	-2.949	Deleterious	
Q105R	-3.932	Deleterious	
Q105K	-3.932	Deleterious	
M106G	-7.792	Deleterious	
M106A	-5.792	Deleterious	
M106L	-2.779	Deleterious	
M106Q	-4.879	Deleterious	
M106C	-5.794	Deleterious	
M106S	-5.826	Deleterious	
M106Y	-5.794	Deleterious	
M106F	-4.811	Deleterious	
M106H	-6.810	Deleterious	
M106P	-6.810	Deleterious	
M106E	-6.810	Deleterious	
M106R	-5.827	Deleterious	
M106K	-5.827	Deleterious	
G107A	-5.900	Deleterious	
G107L	-9.833	Deleterious	
G107Q	-7.867	Deleterious	
G107C	-8.850	Deleterious	
G107S	-5.900	Deleterious	
G107Y	-8.850	Deleterious	
G107F	-8.850	Deleterious	
G107H	-7.867	Deleterious	
G107P	-7.867	Deleterious	
G107E	-7.867	Deleterious	
G107R	-7.867	Deleterious	
G107K	-7.867	Deleterious	
E108G	-2.566	Deleterious	
E108A	-0.904	Neutral	
E108L	-1.873	Neutral	
E108Q	-1.152	Neutral	
E108C	-3.087	Deleterious	
E108S	-1.558	Neutral	
E108Y	-2.516	Deleterious	
E108F	-2.829	Deleterious	
E108H	-2.438	Neutral	
E108P	-2.416	Neutral	
E108R	-2.266	Neutral	
E108K	-1.555	Neutral	
T109G	-0.831	Neutral	
T109A	-1.015	Neutral	
T109L	-3.210	Deleterious	
T109Q	-2.371	Neutral	
T109C	-2.982	Deleterious	
T109S	-0.699	Neutral	
T109Y	-3.532	Deleterious	
T109F	-3.649	Deleterious	
T109H	-3.098	Deleterious	
T109P	-2.065	Neutral	
T109E	-2.382	Neutral	
T109R	-2.421	Neutral	
T109K	-2.104	Neutral	
G110A	-5.299	Deleterious	
G110L	-8.932	Deleterious	
G110Q	-6.865	Deleterious	
G110C	-8.115	Deleterious	
G110S	-5.199	Deleterious	
G110Y	-8.015	Deleterious	
G110F	-8.115	Deleterious	
G110H	-6.898	Deleterious	
G110P	-7.132	Deleterious	
G110E	-6.932	Deleterious	
G110R	-6.597	Deleterious	
G110K	-6.798	Deleterious	
V111G	-6.279	Deleterious	
V111A	-3.329	Deleterious	
V111L	-1.880	Neutral	
V111Q	-5.229	Deleterious	
V111C	-4.246	Deleterious	
V111S	-5.162	Deleterious	
V111Y	-4.314	Deleterious	
V111F	-4.146	Deleterious	
V111H	-6.212	Deleterious	
V111P	-5.397	Deleterious	
V111E	-5.396	Deleterious	
V111R	-6.012	Deleterious	
V111K	-5.230	Deleterious	
A112G	-2.800	Deleterious	
A112L	-4.050	Deleterious	
A112Q	-3.583	Deleterious	
A112C	-2.966	Deleterious	
A112S	-1.516	Neutral	
A112Y	-4.750	Deleterious	
A112F	-4.800	Deleterious	
A112H	-4.466	Deleterious	
A112P	-3.916	Deleterious	
A112E	-3.533	Deleterious	
A112R	-3.800	Deleterious	
A112K	-3.616	Deleterious	
G113A	-3.028	Deleterious	
G113L	-5.815	Deleterious	
G113Q	-3.379	Deleterious	
G113C	-5.462	Deleterious	
G113S	-2.349	Neutral	
G113Y	-5.182	Deleterious	
G113F	-5.545	Deleterious	
G113H	-4.102	Deleterious	
G113P	-4.259	Deleterious	
G113E	-3.439	Deleterious	
G113R	-3.369	Deleterious	
G113K	-2.532	Deleterious	
F114G	-8.850	Deleterious	
F114A	-7.861	Deleterious	
F114L	-5.883	Deleterious	
F114Q	-8.822	Deleterious	
F114C	-7.861	Deleterious	
F114S	-7.861	Deleterious	
F114Y	-2.950	Deleterious	
F114H	-6.883	Deleterious	
F114P	-9.817	Deleterious	
F114E	-8.844	Deleterious	
F114R	-8.833	Deleterious	
F114K	-8.822	Deleterious	
T115G	-3.698	Deleterious	
T115A	-2.544	Deleterious	
T115L	-3.643	Deleterious	
T115Q	-2.061	Neutral	
T115C	-3.940	Deleterious	
T115S	-1.526	Neutral	
T115Y	-3.973	Deleterious	
T115F	-4.526	Deleterious	
T115H	-3.210	Deleterious	
T115P	-2.160	Neutral	
T115E	-2.227	Neutral	
T115R	-1.918	Neutral	
T115K	-1.322	Neutral	
N116G	-3.707	Deleterious	
N116A	-4.476	Deleterious	
N116L	-5.637	Deleterious	
N116Q	-3.347	Deleterious	
N116C	-5.808	Deleterious	
N116S	-2.470	Neutral	
N116Y	-5.277	Deleterious	
N116F	-5.966	Deleterious	
N116H	-3.359	Deleterious	
N116P	-4.950	Deleterious	
N116E	-3.433	Deleterious	
N116R	-3.277	Deleterious	
N116K	-2.737	Deleterious	
S117G	-3.120	Deleterious	
S117A	-1.884	Neutral	
S117L	-3.236	Deleterious	
S117Q	-2.505	Deleterious	
S117C	-3.331	Deleterious	
S117Y	-3.890	Deleterious	
S117F	-3.556	Deleterious	
S117H	-3.608	Deleterious	
S117P	-3.641	Deleterious	
S117E	-2.971	Deleterious	
S117R	-3.374	Deleterious	
S117K	-2.738	Deleterious	
L118G	-7.518	Deleterious	
L118A	-4.732	Deleterious	
L118Q	-5.690	Deleterious	
L118C	-4.765	Deleterious	
L118S	-5.646	Deleterious	
L118Y	-4.766	Deleterious	
L118F	-3.783	Deleterious	
L118H	-6.669	Deleterious	
L118P	-6.669	Deleterious	
L118E	-6.669	Deleterious	
L118R	-5.730	Deleterious	
L118K	-5.730	Deleterious	
R119G	-2.867	Deleterious	
R119A	-2.218	Neutral	
R119L	-4.237	Deleterious	
R119Q	-2.065	Neutral	
R119C	-4.521	Deleterious	
R119S	-2.447	Neutral	
R119Y	-4.319	Deleterious	
R119F	-4.915	Deleterious	
R119H	-3.012	Deleterious	
R119P	-3.817	Deleterious	
R119E	-2.514	Deleterious	
R119K	-1.262	Neutral	
M120G	-4.352	Deleterious	
M120A	-2.000	Neutral	
M120L	-0.890	Neutral	
M120Q	-2.735	Deleterious	
M120C	-2.936	Deleterious	
M120S	-2.787	Deleterious	
M120Y	-2.136	Neutral	
M120F	-1.962	Neutral	
M120H	-3.306	Deleterious	
M120P	-4.037	Deleterious	
M120E	-3.808	Deleterious	
M120R	-3.249	Deleterious	
M120K	-3.276	Deleterious	
L121G	-6.599	Deleterious	
L121A	-4.067	Deleterious	
L121Q	-4.690	Deleterious	
L121C	-4.109	Deleterious	
L121S	-4.834	Deleterious	
L121Y	-4.110	Deleterious	
L121F	-3.161	Deleterious	
L121H	-5.824	Deleterious	
L121P	-5.790	Deleterious	
L121E	-5.751	Deleterious	
L121R	-4.974	Deleterious	
L121K	-4.941	Deleterious	
Q122G	-3.571	Deleterious	
Q122A	-1.902	Neutral	
Q122L	-2.910	Deleterious	
Q122C	-3.912	Deleterious	
Q122S	-1.835	Neutral	
Q122Y	-2.658	Deleterious	
Q122F	-3.719	Deleterious	
Q122H	-2.493	Neutral	
Q122P	-3.154	Deleterious	
Q122E	-1.285	Neutral	
Q122R	-1.433	Neutral	
Q122K	-1.093	Neutral	
Q123G	-2.990	Deleterious	
Q123A	-1.593	Neutral	
Q123L	-2.777	Deleterious	
Q123C	-3.552	Deleterious	
Q123S	-1.355	Neutral	
Q123Y	-2.893	Deleterious	
Q123F	-3.832	Deleterious	
Q123H	-2.312	Neutral	
Q123P	-2.946	Deleterious	
Q123E	-1.186	Neutral	
Q123R	-1.740	Neutral	
Q123K	-1.595	Neutral	
K124G	-3.231	Deleterious	
K124A	-3.609	Deleterious	
K124L	-5.321	Deleterious	
K124Q	-2.354	Neutral	
K124C	-5.847	Deleterious	
K124S	-2.787	Deleterious	
K124Y	-5.026	Deleterious	
K124F	-5.804	Deleterious	
K124H	-3.932	Deleterious	
K124P	-4.098	Deleterious	
K124E	-2.221	Neutral	
K124R	-1.877	Neutral	
R125G	-3.426	Deleterious	
R125A	-3.031	Deleterious	
R125L	-4.319	Deleterious	
R125Q	-0.633	Neutral	
R125C	-4.725	Deleterious	
R125S	-2.203	Neutral	
R125Y	-3.564	Deleterious	
R125F	-4.539	Deleterious	
R125H	-1.983	Neutral	
R125P	-3.339	Deleterious	
R125E	-0.903	Neutral	
R125K	-0.913	Neutral	
W126G	-11.189	Deleterious	
W126A	-11.817	Deleterious	
W126L	-11.100	Deleterious	
W126Q	-11.044	Deleterious	
W126C	-11.222	Deleterious	
W126S	-12.017	Deleterious	
W126Y	-6.517	Deleterious	
W126F	-7.961	Deleterious	
W126H	-10.617	Deleterious	
W126P	-13.022	Deleterious	
W126E	-11.950	Deleterious	
W126R	-12.050	Deleterious	
W126K	-12.039	Deleterious	
D127G	-3.987	Deleterious	
D127A	-3.832	Deleterious	
D127L	-5.690	Deleterious	
D127Q	-2.396	Neutral	
D127C	-5.406	Deleterious	
D127S	-2.524	Deleterious	
D127Y	-5.121	Deleterious	
D127F	-5.397	Deleterious	
D127H	-3.712	Deleterious	
D127P	-3.821	Deleterious	
D127E	-1.304	Neutral	
D127R	-3.613	Deleterious	
D127K	-2.516	Deleterious	
E128G	-3.862	Deleterious	
E128A	-2.979	Deleterious	
E128L	-4.861	Deleterious	
E128Q	-1.126	Neutral	
E128C	-5.461	Deleterious	
E128S	-2.288	Neutral	
E128Y	-4.386	Deleterious	
E128F	-5.216	Deleterious	
E128H	-2.961	Deleterious	
E128P	-3.594	Deleterious	
E128R	-2.422	Neutral	
E128K	-1.499	Neutral	
A129G	-3.931	Deleterious	
A129L	-4.840	Deleterious	
A129Q	-4.783	Deleterious	
A129C	-3.895	Deleterious	
A129S	-2.880	Deleterious	
A129Y	-5.808	Deleterious	
A129F	-5.813	Deleterious	
A129H	-5.789	Deleterious	
A129P	-4.840	Deleterious	
A129E	-4.751	Deleterious	
A129R	-4.764	Deleterious	
A129K	-4.627	Deleterious	
A130G	-2.833	Deleterious	
A130L	-2.950	Deleterious	
A130Q	-2.633	Deleterious	
A130C	-2.666	Deleterious	
A130S	-1.683	Neutral	
A130Y	-1.566	Neutral	
A130F	-2.500	Deleterious	
A130H	-2.766	Deleterious	
A130P	-3.450	Deleterious	
A130E	-2.983	Deleterious	
A130R	-2.911	Deleterious	
A130K	-2.844	Deleterious	
V131G	-2.905	Deleterious	
V131A	-1.293	Neutral	
V131L	-1.244	Neutral	
V131Q	-1.664	Neutral	
V131C	-2.482	Neutral	
V131S	-1.541	Neutral	
V131Y	-2.090	Neutral	
V131F	-2.357	Neutral	
V131H	-2.561	Deleterious	
V131P	-2.425	Neutral	
V131E	-1.397	Neutral	
V131R	-2.186	Neutral	
V131K	-1.211	Neutral	
N132G	-2.925	Deleterious	
N132A	-3.799	Deleterious	
N132L	-5.599	Deleterious	
N132Q	-2.270	Neutral	
N132C	-5.745	Deleterious	
N132S	-2.233	Neutral	
N132Y	-4.643	Deleterious	
N132F	-5.565	Deleterious	
N132H	-2.329	Neutral	
N132P	-4.340	Deleterious	
N132E	-1.530	Neutral	
N132R	-2.966	Deleterious	
N132K	-2.717	Deleterious	
L133G	-4.603	Deleterious	
L133A	-2.206	Neutral	
L133Q	-3.856	Deleterious	
L133C	-3.209	Deleterious	
L133S	-3.461	Deleterious	
L133Y	-3.606	Deleterious	
L133F	-2.889	Deleterious	
L133H	-4.855	Deleterious	
L133P	-4.723	Deleterious	
L133E	-4.456	Deleterious	
L133R	-3.974	Deleterious	
L133K	-3.941	Deleterious	
A134G	-2.966	Deleterious	
A134L	-1.316	Neutral	
A134Q	-2.216	Neutral	
A134C	-2.400	Neutral	
A134S	-1.683	Neutral	
A134Y	-3.133	Deleterious	
A134F	-3.100	Deleterious	
A134H	-3.233	Deleterious	
A134P	-3.150	Deleterious	
A134E	-2.683	Deleterious	
A134R	-1.383	Neutral	
A134K	-1.883	Neutral	
K135G	-3.141	Deleterious	
K135A	-3.172	Deleterious	
K135L	-4.514	Deleterious	
K135Q	-1.093	Neutral	
K135C	-4.759	Deleterious	
K135S	-1.654	Neutral	
K135Y	-4.014	Deleterious	
K135F	-4.826	Deleterious	
K135H	-2.395	Neutral	
K135P	-3.115	Deleterious	
K135E	-0.904	Neutral	
K135R	-1.440	Neutral	
S136G	-3.922	Deleterious	
S136A	-2.949	Deleterious	
S136L	-5.849	Deleterious	
S136Q	-3.922	Deleterious	
S136C	-4.888	Deleterious	
S136Y	-5.849	Deleterious	
S136F	-5.849	Deleterious	
S136H	-4.889	Deleterious	
S136P	-4.888	Deleterious	
S136E	-3.922	Deleterious	
S136R	-4.888	Deleterious	
S136K	-3.922	Deleterious	
R137G	-3.964	Deleterious	
R137A	-2.341	Neutral	
R137L	-2.625	Deleterious	
R137Q	-1.854	Neutral	
R137C	-3.958	Deleterious	
R137S	-2.361	Neutral	
R137Y	-3.617	Deleterious	
R137F	-4.039	Deleterious	
R137H	-2.929	Deleterious	
R137P	-3.700	Deleterious	
R137E	-2.473	Neutral	
R137K	-0.979	Neutral	
W138G	-12.783	Deleterious	
W138A	-13.767	Deleterious	
W138L	-12.783	Deleterious	
W138Q	-12.783	Deleterious	
W138C	-12.783	Deleterious	
W138S	-13.767	Deleterious	
W138Y	-8.850	Deleterious	
W138F	-9.833	Deleterious	
W138H	-12.783	Deleterious	
W138P	-14.750	Deleterious	
W138E	-13.767	Deleterious	
W138R	-13.767	Deleterious	
W138K	-13.767	Deleterious	
Y139G	-5.023	Deleterious	
Y139A	-3.139	Deleterious	
Y139L	-4.121	Deleterious	
Y139Q	-4.328	Deleterious	
Y139C	-4.506	Deleterious	
Y139S	-4.039	Deleterious	
Y139F	-1.783	Neutral	
Y139H	-2.881	Deleterious	
Y139P	-5.525	Deleterious	
Y139E	-4.842	Deleterious	
Y139R	-4.829	Deleterious	
Y139K	-4.789	Deleterious	
N140G	-3.838	Deleterious	
N140A	-4.239	Deleterious	
N140L	-5.219	Deleterious	
N140Q	-2.082	Neutral	
N140C	-5.693	Deleterious	
N140S	-2.532	Deleterious	
N140Y	-4.641	Deleterious	
N140F	-5.688	Deleterious	
N140H	-2.454	Neutral	
N140P	-4.509	Deleterious	
N140E	-2.515	Deleterious	
N140R	-1.331	Neutral	
N140K	-1.437	Neutral	
Q141G	-6.882	Deleterious	
Q141A	-5.885	Deleterious	
Q141L	-6.842	Deleterious	
Q141C	-7.839	Deleterious	
Q141S	-4.916	Deleterious	
Q141Y	-5.899	Deleterious	
Q141F	-7.839	Deleterious	
Q141H	-4.915	Deleterious	
Q141P	-5.899	Deleterious	
Q141E	-2.949	Deleterious	
Q141R	-3.933	Deleterious	
Q141K	-3.933	Deleterious	
T142G	-6.880	Deleterious	
T142A	-4.913	Deleterious	
T142L	-5.897	Deleterious	
T142Q	-5.897	Deleterious	
T142C	-5.892	Deleterious	
T142S	-3.931	Deleterious	
T142Y	-6.879	Deleterious	
T142F	-6.879	Deleterious	
T142H	-6.878	Deleterious	
T142P	-5.897	Deleterious	
T142E	-5.897	Deleterious	
T142R	-5.897	Deleterious	
T142K	-5.897	Deleterious	
P143G	-8.049	Deleterious	
P143A	-7.066	Deleterious	
P143L	-8.932	Deleterious	
P143Q	-6.866	Deleterious	
P143C	-9.032	Deleterious	
P143S	-6.966	Deleterious	
P143Y	-8.933	Deleterious	
P143F	-9.916	Deleterious	
P143H	-7.949	Deleterious	
P143E	-6.866	Deleterious	
P143R	-7.649	Deleterious	
P143K	-6.466	Deleterious	
N144G	-3.264	Deleterious	
N144A	-5.880	Deleterious	
N144L	-7.530	Deleterious	
N144Q	-4.813	Deleterious	
N144C	-7.313	Deleterious	
N144S	-3.564	Deleterious	
N144Y	-6.597	Deleterious	
N144F	-7.346	Deleterious	
N144H	-4.148	Deleterious	
N144P	-6.346	Deleterious	
N144E	-4.812	Deleterious	
N144R	-4.831	Deleterious	
N144K	-4.747	Deleterious	
R145G	-6.883	Deleterious	
R145A	-5.900	Deleterious	
R145L	-6.883	Deleterious	
R145Q	-3.933	Deleterious	
R145C	-7.867	Deleterious	
R145S	-5.900	Deleterious	
R145Y	-6.883	Deleterious	
R145F	-7.867	Deleterious	
R145H	-4.917	Deleterious	
R145P	-6.883	Deleterious	
R145E	-4.917	Deleterious	
R145K	-2.950	Deleterious	
A146G	-3.633	Deleterious	
A146L	-4.716	Deleterious	
A146Q	-4.516	Deleterious	
A146C	-3.732	Deleterious	
A146S	-2.350	Neutral	
A146Y	-5.600	Deleterious	
A146F	-5.600	Deleterious	
A146H	-5.500	Deleterious	
A146P	-4.616	Deleterious	
A146E	-4.517	Deleterious	
A146R	-4.616	Deleterious	
A146K	-4.516	Deleterious	
K147G	-4.372	Deleterious	
K147A	-3.644	Deleterious	
K147L	-4.861	Deleterious	
K147Q	-2.077	Neutral	
K147C	-5.477	Deleterious	
K147S	-2.238	Neutral	
K147Y	-4.794	Deleterious	
K147F	-5.577	Deleterious	
K147H	-3.588	Deleterious	
K147P	-4.088	Deleterious	
K147E	-2.188	Neutral	
K147R	-1.650	Neutral	
R148G	-6.883	Deleterious	
R148A	-5.900	Deleterious	
R148L	-6.883	Deleterious	
R148Q	-3.933	Deleterious	
R148C	-7.867	Deleterious	
R148S	-5.900	Deleterious	
R148Y	-6.883	Deleterious	
R148F	-7.867	Deleterious	
R148H	-4.917	Deleterious	
R148P	-6.883	Deleterious	
R148E	-4.917	Deleterious	
R148K	-2.950	Deleterious	
V149G	-6.879	Deleterious	
V149A	-3.930	Deleterious	
V149L	-2.946	Deleterious	
V149Q	-5.896	Deleterious	
V149C	-4.910	Deleterious	
V149S	-5.894	Deleterious	
V149Y	-4.913	Deleterious	
V149F	-4.912	Deleterious	
V149H	-6.879	Deleterious	
V149P	-5.897	Deleterious	
V149E	-5.897	Deleterious	
V149R	-6.878	Deleterious	
V149K	-5.896	Deleterious	
I150G	-4.067	Deleterious	
I150A	-1.450	Neutral	
I150L	-1.100	Neutral	
I150Q	-3.517	Deleterious	
I150C	-2.450	Neutral	
I150S	-1.767	Neutral	
I150Y	-3.017	Deleterious	
I150F	-2.467	Neutral	
I150H	-3.950	Deleterious	
I150P	-3.683	Deleterious	
I150E	-3.517	Deleterious	
I150R	-3.683	Deleterious	
I150K	-3.517	Deleterious	
T151G	-3.211	Deleterious	
T151A	-1.904	Neutral	
T151L	-2.978	Deleterious	
T151Q	-1.427	Neutral	
T151C	-3.296	Deleterious	
T151S	-0.926	Neutral	
T151Y	-3.457	Deleterious	
T151F	-3.706	Deleterious	
T151H	-2.854	Deleterious	
T151P	-2.702	Deleterious	
T151E	-1.515	Neutral	
T151R	-1.925	Neutral	
T151K	-1.504	Neutral	
T152G	-4.743	Deleterious	
T152A	-2.243	Neutral	
T152L	-1.737	Neutral	
T152Q	-3.761	Deleterious	
T152C	-3.015	Deleterious	
T152S	-2.650	Deleterious	
T152Y	-3.465	Deleterious	
T152F	-3.254	Deleterious	
T152H	-4.533	Deleterious	
T152P	-3.761	Deleterious	
T152E	-3.761	Deleterious	
T152R	-4.084	Deleterious	
T152K	-3.761	Deleterious	
F153G	-6.214	Deleterious	
F153A	-4.269	Deleterious	
F153L	-1.886	Neutral	
F153Q	-5.649	Deleterious	
F153C	-4.370	Deleterious	
F153S	-4.847	Deleterious	
F153Y	-1.879	Neutral	
F153H	-4.834	Deleterious	
F153P	-6.229	Deleterious	
F153E	-5.730	Deleterious	
F153R	-5.756	Deleterious	
F153K	-5.656	Deleterious	
R154G	-4.755	Deleterious	
R154A	-3.238	Deleterious	
R154L	-2.688	Deleterious	
R154Q	-2.005	Neutral	
R154C	-4.737	Deleterious	
R154S	-3.285	Deleterious	
R154Y	-3.955	Deleterious	
R154F	-4.405	Deleterious	
R154H	-3.209	Deleterious	
R154P	-4.268	Deleterious	
R154E	-2.568	Deleterious	
R154K	-0.962	Neutral	
T155G	-6.083	Deleterious	
T155A	-4.383	Deleterious	
T155L	-5.100	Deleterious	
T155Q	-5.100	Deleterious	
T155C	-5.299	Deleterious	
T155S	-3.366	Deleterious	
T155Y	-5.783	Deleterious	
T155F	-5.950	Deleterious	
T155H	-5.816	Deleterious	
T155P	-5.333	Deleterious	
T155E	-5.166	Deleterious	
T155R	-5.133	Deleterious	
T155K	-5.133	Deleterious	
G156A	-5.900	Deleterious	
G156L	-9.833	Deleterious	
G156Q	-7.866	Deleterious	
G156C	-8.849	Deleterious	
G156S	-5.899	Deleterious	
G156Y	-8.849	Deleterious	
G156F	-8.849	Deleterious	
G156H	-7.866	Deleterious	
G156P	-7.866	Deleterious	
G156E	-7.866	Deleterious	
G156R	-7.866	Deleterious	
G156K	-7.866	Deleterious	
T157G	-4.575	Deleterious	
T157A	-3.810	Deleterious	
T157L	-4.859	Deleterious	
T157Q	-3.893	Deleterious	
T157C	-4.793	Deleterious	
T157S	-2.195	Neutral	
T157Y	-5.241	Deleterious	
T157F	-5.475	Deleterious	
T157H	-4.341	Deleterious	
T157P	-4.494	Deleterious	
T157E	-3.826	Deleterious	
T157R	-3.993	Deleterious	
T157K	-3.926	Deleterious	
W158G	-7.029	Deleterious	
W158A	-6.221	Deleterious	
W158L	-3.729	Deleterious	
W158Q	-5.927	Deleterious	
W158C	-5.785	Deleterious	
W158S	-6.519	Deleterious	
W158Y	-3.205	Deleterious	
W158F	-3.335	Deleterious	
W158H	-6.202	Deleterious	
W158P	-7.515	Deleterious	
W158E	-6.999	Deleterious	
W158R	-6.565	Deleterious	
W158K	-6.565	Deleterious	
D159G	-4.522	Deleterious	
D159A	-4.375	Deleterious	
D159L	-6.142	Deleterious	
D159Q	-2.802	Deleterious	
D159C	-5.958	Deleterious	
D159S	-3.249	Deleterious	
D159Y	-5.575	Deleterious	
D159F	-5.915	Deleterious	
D159H	-4.042	Deleterious	
D159P	-4.245	Deleterious	
D159E	-1.176	Neutral	
D159R	-4.105	Deleterious	
D159K	-3.138	Deleterious	
A160G	-2.550	Deleterious	
A160L	-4.100	Deleterious	
A160Q	-3.283	Deleterious	
A160C	-3.217	Deleterious	
A160S	-0.983	Neutral	
A160Y	-4.650	Deleterious	
A160F	-4.700	Deleterious	
A160H	-4.250	Deleterious	
A160P	-3.067	Deleterious	
A160E	-3.233	Deleterious	
A160R	-3.650	Deleterious	
A160K	-3.300	Deleterious	
Y161G	-8.637	Deleterious	
Y161A	-8.102	Deleterious	
Y161L	-7.329	Deleterious	
Y161Q	-7.352	Deleterious	
Y161C	-8.224	Deleterious	
Y161S	-8.166	Deleterious	
Y161F	-3.867	Deleterious	
Y161H	-4.817	Deleterious	
Y161P	-8.060	Deleterious	
Y161E	-7.646	Deleterious	
Y161R	-8.224	Deleterious	
Y161K	-8.090	Deleterious	
K162G	0.545	Neutral	
K162A	-0.929	Neutral	
K162L	-2.587	Deleterious	
K162Q	-0.895	Neutral	
K162C	-3.132	Deleterious	
K162S	-0.573	Neutral	
K162Y	-2.701	Deleterious	
K162F	-2.881	Deleterious	
K162H	-1.643	Neutral	
K162P	-1.465	Neutral	
K162E	-0.799	Neutral	
K162R	-0.429	Neutral	
N163G	0.397	Neutral	
N163A	0.059	Neutral	
N163L	-0.215	Neutral	
N163Q	-0.567	Neutral	
N163C	-0.665	Neutral	
N163S	0.125	Neutral	
N163Y	-0.199	Neutral	
N163F	-0.093	Neutral	
N163H	-0.409	Neutral	
N163P	-0.434	Neutral	
N163E	-0.393	Neutral	
N163R	-0.879	Neutral	
N163K	-0.389	Neutral	
L164G	-0.555	Neutral	
L164A	0.067	Neutral	
L164Q	0.050	Neutral	
L164C	-0.476	Neutral	
L164S	0.228	Neutral	
L164Y	-0.776	Neutral	
L164F	-0.858	Neutral	
L164H	-0.788	Neutral	
L164P	0.257	Neutral	
L164E	0.061	Neutral	
L164R	-0.337	Neutral	
L164K	-0.003	Neutral	
