P1L	-8.247	Deleterious	
P1S	-6.595	Deleterious	
P1H	-7.421	Deleterious	
Q2E	-2.514	Deleterious	
I3L	-1.680	Neutral	
I3T	-4.166	Deleterious	
I3N	-5.867	Deleterious	
I3S	-5.024	Deleterious	
T4S	-3.815	Deleterious	
T4R	-5.743	Deleterious	
L5V	-2.879	Deleterious	
L5H	-6.718	Deleterious	
W6G	-12.799	Deleterious	
W6C	-12.802	Deleterious	
W6L	-12.793	Deleterious	
Q7H	-4.899	Deleterious	
Q7P	-5.884	Deleterious	
Q7L	-6.875	Deleterious	
R8G	-6.938	Deleterious	
R8L	-6.942	Deleterious	
R8Q	-3.962	Deleterious	
P9S	-7.959	Deleterious	
P9T	-7.958	Deleterious	
P9H	-8.956	Deleterious	
P9R	-8.956	Deleterious	
L10I	-1.345	Neutral	
L10V	-2.242	Neutral	
L10H	-6.399	Deleterious	
L10R	-5.605	Deleterious	
V11I	-0.983	Neutral	
V11A	-3.975	Deleterious	
V11G	-6.970	Deleterious	
T12S	-2.682	Deleterious	
T12I	-5.152	Deleterious	
I13V	-0.529	Neutral	
I13L	-1.958	Neutral	
I13M	-2.716	Deleterious	
K14T	-5.422	Deleterious	
K14M	-5.447	Deleterious	
K14N	-4.460	Deleterious	
K14E	-3.626	Deleterious	
K14Q	-3.490	Deleterious	
I15V	-0.416	Neutral	
I15T	-4.323	Deleterious	
I15R	-6.581	Deleterious	
G16V	-8.179	Deleterious	
G16W	-7.379	Deleterious	
G17W	-7.856	Deleterious	
G17E	-7.708	Deleterious	
Q18L	-6.901	Deleterious	
Q18H	-4.902	Deleterious	
Q18R	-3.930	Deleterious	
L19T	-4.181	Deleterious	
K20M	-4.829	Deleterious	
K20Q	-3.262	Deleterious	
E21Q	-2.992	Deleterious	
E21V	-6.986	Deleterious	
E21K	-3.987	Deleterious	
A22G	-3.994	Deleterious	
A22T	-3.988	Deleterious	
A22D	-5.988	Deleterious	
L23V	-2.985	Deleterious	
L23P	-6.982	Deleterious	
L23Q	-5.985	Deleterious	
L23R	-5.985	Deleterious	
L24M	-1.972	Neutral	
L24V	-2.910	Deleterious	
L24S	-5.940	Deleterious	
L24F	-3.937	Deleterious	
D25A	-7.953	Deleterious	
D25Y	-8.946	Deleterious	
D25H	-6.941	Deleterious	
T26A	-4.982	Deleterious	
T26I	-5.986	Deleterious	
T26K	-5.982	Deleterious	
T26R	-5.984	Deleterious	
G27A	-5.998	Deleterious	
G27P	-7.997	Deleterious	
G27I	-9.997	Deleterious	
G27V	-8.997	Deleterious	
G27L	-9.997	Deleterious	
G27R	-7.996	Deleterious	
G27D	-6.997	Deleterious	
A28G	-3.973	Deleterious	
A28S	-2.959	Deleterious	
A28T	-3.950	Deleterious	
A28E	-4.961	Deleterious	
D29E	-3.978	Deleterious	
D29N	-4.965	Deleterious	
D29A	-7.949	Deleterious	
D29G	-6.944	Deleterious	
D29V	-8.953	Deleterious	
D30E	-3.884	Deleterious	
D30N	-4.642	Deleterious	
D30Y	-8.766	Deleterious	
T31S	-3.970	Deleterious	
T31A	-4.961	Deleterious	
T31I	-5.967	Deleterious	
T31R	-5.963	Deleterious	
V32L	-2.955	Deleterious	
V32E	-5.969	Deleterious	
L33V	-2.778	Deleterious	
L33A	-4.800	Deleterious	
L33G	-7.736	Deleterious	
L33S	-5.777	Deleterious	
L33I	-1.804	Neutral	
L33T	-4.800	Deleterious	
L33N	-6.777	Deleterious	
L33D	-7.709	Deleterious	
L33Y	-4.692	Deleterious	
L33E	-6.761	Deleterious	
E34A	-5.949	Deleterious	
E35S	-3.762	Deleterious	
E35A	-5.098	Deleterious	
E35L	-7.091	Deleterious	
E35K	-3.504	Deleterious	
E35M	-6.099	Deleterious	
E35G	-5.345	Deleterious	
M36I	-0.860	Neutral	
M36R	-4.938	Deleterious	
S37G	-1.445	Neutral	
S37R	-1.559	Neutral	
L38V	-2.983	Deleterious	
L38F	-3.974	Deleterious	
P39R	-8.654	Deleterious	
P39A	-7.644	Deleterious	
P39T	-7.614	Deleterious	
P39L	-9.643	Deleterious	
G40E	-7.989	Deleterious	
G40R	-7.989	Deleterious	
R41K	-0.247	Neutral	
R41I	-6.434	Deleterious	
W42G	-12.949	Deleterious	
W42L	-12.940	Deleterious	
W42R	-13.939	Deleterious	
K43N	-4.799	Deleterious	
K43Q	-3.839	Deleterious	
P44T	-7.996	Deleterious	
P44R	-8.996	Deleterious	
K45R	-2.847	Deleterious	
K45T	-5.916	Deleterious	
K45Q	-3.914	Deleterious	
M46L	-2.693	Deleterious	
I47L	-1.991	Neutral	
I47M	-2.978	Deleterious	
I47S	-5.966	Deleterious	
I47T	-4.964	Deleterious	
I47D	-6.970	Deleterious	
I47E	-6.961	Deleterious	
I47R	-6.966	Deleterious	
G48S	-5.827	Deleterious	
G48T	-7.742	Deleterious	
G48I	-9.643	Deleterious	
G48E	-7.775	Deleterious	
G48H	-7.800	Deleterious	
G49V	-8.979	Deleterious	
G49R	-7.975	Deleterious	
I50L	-1.991	Neutral	
I50M	-2.986	Deleterious	
I50T	-4.980	Deleterious	
I50N	-6.984	Deleterious	
I50R	-6.983	Deleterious	
G51A	-5.925	Deleterious	
G51K	-7.941	Deleterious	
G51V	-8.925	Deleterious	
G51C	-8.929	Deleterious	
G52A	-5.991	Deleterious	
G52S	-5.990	Deleterious	
G52V	-8.989	Deleterious	
G52D	-6.990	Deleterious	
F53Y	-2.977	Deleterious	
F53I	-5.926	Deleterious	
F53L	-5.912	Deleterious	
F53V	-6.924	Deleterious	
I54L	-1.953	Neutral	
I54S	-5.815	Deleterious	
I54T	-4.758	Deleterious	
I54F	-3.936	Deleterious	
K55R	-2.939	Deleterious	
K55T	-5.962	Deleterious	
K55I	-7.962	Deleterious	
K55N	-4.961	Deleterious	
K55Q	-3.965	Deleterious	
V56I	-0.999	Neutral	
V56L	-2.998	Deleterious	
V56G	-6.997	Deleterious	
R57K	-2.185	Neutral	
R57G	-6.501	Deleterious	
R57S	-5.380	Deleterious	
R57T	-5.519	Deleterious	
R57I	-7.513	Deleterious	
Q58E	-2.905	Deleterious	
Q58P	-5.950	Deleterious	
Q58K	-3.950	Deleterious	
Q58H	-4.950	Deleterious	
Y59D	-9.983	Deleterious	
Y59C	-8.982	Deleterious	
D60E	-3.374	Deleterious	
D60V	-8.520	Deleterious	
Q61P	-5.648	Deleterious	
Q61L	-6.721	Deleterious	
Q61R	-3.750	Deleterious	
I62L	-1.945	Neutral	
L63I	-0.595	Neutral	
L63V	-0.320	Neutral	
L63P	2.699	Neutral	
L63R	-1.323	Neutral	
I64L	-1.835	Neutral	
I64T	-4.613	Deleterious	
I64R	-6.647	Deleterious	
E65V	-6.914	Deleterious	
E65K	-3.950	Deleterious	
I66L	-1.989	Neutral	
I66M	-2.986	Deleterious	
I66V	-0.996	Neutral	
I66S	-5.978	Deleterious	
I66T	-4.980	Deleterious	
I66F	-3.975	Deleterious	
C67G	-11.419	Deleterious	
C67F	-10.438	Deleterious	
C67W	-10.479	Deleterious	
C67Y	-10.414	Deleterious	
G68V	-8.960	Deleterious	
G68E	-7.942	Deleterious	
H69R	-4.495	Deleterious	
H69L	-7.708	Deleterious	
H69Y	-4.232	Deleterious	
H69D	-6.060	Deleterious	
H69N	-4.403	Deleterious	
H69Q	-4.665	Deleterious	
K70T	-5.693	Deleterious	
K70I	-7.714	Deleterious	
K70N	-4.753	Deleterious	
A71P	-4.387	Deleterious	
A71L	-4.097	Deleterious	
A71S	-2.564	Deleterious	
I72T	-4.229	Deleterious	
I72L	-1.794	Neutral	
I72V	-0.760	Neutral	
G73R	-7.866	Deleterious	
G73Q	-7.856	Deleterious	
G73T	-7.829	Deleterious	
G73C	-8.841	Deleterious	
G73V	-8.854	Deleterious	
G73A	-5.870	Deleterious	
G73K	-7.856	Deleterious	
G73P	-7.870	Deleterious	
T74S	-3.653	Deleterious	
T74I	-5.811	Deleterious	
V75E	-5.970	Deleterious	
V75G	-6.946	Deleterious	
L76I	-1.986	Neutral	
V77I	-0.538	Neutral	
V77G	-6.867	Deleterious	
V77E	-5.886	Deleterious	
G78A	-5.974	Deleterious	
G78V	-8.968	Deleterious	
G78E	-7.967	Deleterious	
P79A	-7.956	Deleterious	
P79S	-7.952	Deleterious	
P79T	-7.956	Deleterious	
P79L	-9.956	Deleterious	
T80P	-5.965	Deleterious	
P81A	-7.993	Deleterious	
P81T	-7.993	Deleterious	
P81H	-8.993	Deleterious	
P81R	-8.993	Deleterious	
V82I	-0.927	Neutral	
V82L	-2.710	Deleterious	
V82A	-3.205	Deleterious	
V82G	-6.267	Deleterious	
V82T	-3.538	Deleterious	
V82F	-4.582	Deleterious	
V82D	-6.411	Deleterious	
N83D	-4.980	Deleterious	
N83K	-5.988	Deleterious	
N83I	-8.984	Deleterious	
N83T	-5.988	Deleterious	
I84L	-1.995	Neutral	
I84M	-2.976	Deleterious	
I84K	-6.953	Deleterious	
I85L	-1.995	Neutral	
I85S	-5.977	Deleterious	
I85F	-3.991	Deleterious	
I85N	-6.976	Deleterious	
G86S	-5.976	Deleterious	
G86I	-9.968	Deleterious	
G86E	-7.966	Deleterious	
G86N	-5.975	Deleterious	
G86Q	-7.966	Deleterious	
G86R	-7.960	Deleterious	
G86K	-7.964	Deleterious	
R87S	-5.984	Deleterious	
N88A	-7.803	Deleterious	
L89V	-2.367	Neutral	
L90V	-2.855	Deleterious	
L90S	-5.759	Deleterious	
L90F	-3.837	Deleterious	
L90W	-5.745	Deleterious	
T91A	-4.953	Deleterious	
T91P	-5.964	Deleterious	
T91N	-4.972	Deleterious	
Q92P	-5.925	Deleterious	
Q92L	-6.917	Deleterious	
Q92H	-4.929	Deleterious	
I93M	-1.707	Neutral	
I93V	-0.983	Neutral	
I93T	-4.085	Deleterious	
I93F	-3.117	Deleterious	
I93N	-6.075	Deleterious	
G94A	-5.957	Deleterious	
G94V	-8.938	Deleterious	
G94R	-7.951	Deleterious	
C95G	-11.544	Deleterious	
C95S	-9.576	Deleterious	
C95F	-10.511	Deleterious	
C95Y	-10.536	Deleterious	
C95R	-11.523	Deleterious	
T96P	-5.960	Deleterious	
T96S	-3.972	Deleterious	
T96R	-5.962	Deleterious	
L97S	-5.930	Deleterious	
L97F	-3.953	Deleterious	
N98D	-4.940	Deleterious	
N98S	-4.940	Deleterious	
N98I	-8.896	Deleterious	
N98Y	-7.909	Deleterious	
F99A	-7.602	Deleterious	
F99P	-8.921	Deleterious	
F99S	-7.605	Deleterious	
F99L	-5.707	Deleterious	
F99D	-8.593	Deleterious	
F99K	-8.587	Deleterious	
F99R	-8.588	Deleterious	
F99Y	-2.862	Deleterious	
F99E	-8.593	Deleterious	
