K2S	-3.926	Deleterious	
K2Q	-2.808	Deleterious	
K2Y	-5.415	Deleterious	
K2L	-5.400	Deleterious	
K2A	-4.668	Deleterious	
K2C	-6.495	Deleterious	
K2E	-3.146	Deleterious	
K2G	-5.715	Deleterious	
K2H	-4.031	Deleterious	
K2F	-6.362	Deleterious	
K2P	-4.576	Deleterious	
K2R	-1.382	Neutral	
P3S	0.310	Neutral	
P3Q	-1.332	Neutral	
P3Y	-3.162	Deleterious	
P3K	-1.166	Neutral	
P3L	-2.890	Deleterious	
P3A	-0.729	Neutral	
P3C	-2.686	Deleterious	
P3E	-1.438	Neutral	
P3G	-1.950	Neutral	
P3H	-2.223	Neutral	
P3F	-3.548	Deleterious	
P3R	-1.851	Neutral	
V4S	-2.820	Deleterious	
V4Q	-3.448	Deleterious	
V4Y	-3.574	Deleterious	
V4K	-2.908	Deleterious	
V4L	-1.976	Neutral	
V4A	-1.405	Neutral	
V4C	-3.037	Deleterious	
V4E	-3.548	Deleterious	
V4G	-4.214	Deleterious	
V4H	-4.193	Deleterious	
V4F	-3.514	Deleterious	
V4P	-3.530	Deleterious	
V4R	-3.477	Deleterious	
T5S	-3.836	Deleterious	
T5Q	-5.747	Deleterious	
T5Y	-6.661	Deleterious	
T5K	-5.747	Deleterious	
T5L	-5.514	Deleterious	
T5A	-4.734	Deleterious	
T5C	-5.714	Deleterious	
T5E	-5.747	Deleterious	
T5G	-6.728	Deleterious	
T5H	-6.728	Deleterious	
T5F	-6.628	Deleterious	
T5P	-5.747	Deleterious	
T5R	-5.781	Deleterious	
L6S	-5.314	Deleterious	
L6Q	-5.414	Deleterious	
L6Y	-3.967	Deleterious	
L6K	-5.447	Deleterious	
L6A	-4.467	Deleterious	
L6C	-4.467	Deleterious	
L6E	-6.261	Deleterious	
L6G	-7.174	Deleterious	
L6H	-6.094	Deleterious	
L6F	-2.787	Deleterious	
L6P	-6.394	Deleterious	
L6R	-5.447	Deleterious	
Y7S	-0.530	Neutral	
Y7Q	0.103	Neutral	
Y7K	-0.228	Neutral	
Y7L	-2.655	Deleterious	
Y7A	-1.592	Neutral	
Y7C	-2.963	Deleterious	
Y7E	0.994	Neutral	
Y7G	-1.833	Neutral	
Y7H	0.169	Neutral	
Y7F	-1.502	Neutral	
Y7P	-1.776	Neutral	
Y7R	-0.977	Neutral	
D8S	-5.747	Deleterious	
D8Q	-5.681	Deleterious	
D8Y	-8.654	Deleterious	
D8K	-6.661	Deleterious	
D8L	-9.635	Deleterious	
D8A	-7.674	Deleterious	
D8C	-8.721	Deleterious	
D8E	-3.687	Deleterious	
D8G	-6.761	Deleterious	
D8H	-6.694	Deleterious	
D8F	-8.688	Deleterious	
D8P	-6.728	Deleterious	
D8R	-7.641	Deleterious	
V9S	-5.881	Deleterious	
V9Q	-5.881	Deleterious	
V9Y	-4.901	Deleterious	
V9K	-5.881	Deleterious	
V9L	-2.940	Deleterious	
V9A	-3.921	Deleterious	
V9C	-4.901	Deleterious	
V9E	-5.881	Deleterious	
V9G	-6.861	Deleterious	
V9H	-6.861	Deleterious	
V9F	-4.901	Deleterious	
V9P	-5.881	Deleterious	
V9R	-6.861	Deleterious	
A10S	-2.939	Deleterious	
A10Q	-4.898	Deleterious	
A10Y	-5.876	Deleterious	
A10K	-4.898	Deleterious	
A10L	-4.895	Deleterious	
A10C	-3.918	Deleterious	
A10E	-4.898	Deleterious	
A10G	-3.920	Deleterious	
A10H	-5.878	Deleterious	
A10F	-5.876	Deleterious	
A10P	-4.898	Deleterious	
A10R	-4.899	Deleterious	
E11S	-0.822	Neutral	
E11Q	0.244	Neutral	
E11Y	-2.354	Neutral	
E11K	0.416	Neutral	
E11L	-2.294	Neutral	
E11A	-0.771	Neutral	
E11C	-2.998	Deleterious	
E11G	-2.159	Neutral	
E11H	-0.978	Neutral	
E11F	-3.130	Deleterious	
E11P	-2.130	Neutral	
E11R	1.555	Neutral	
Y12S	-2.546	Deleterious	
Y12Q	-2.047	Neutral	
Y12K	-2.524	Deleterious	
Y12L	-1.559	Neutral	
Y12A	-2.193	Neutral	
Y12C	-3.178	Deleterious	
Y12E	-2.482	Neutral	
Y12G	-3.897	Deleterious	
Y12H	-0.312	Neutral	
Y12F	-1.477	Neutral	
Y12P	-3.601	Deleterious	
Y12R	-2.487	Neutral	
A13L	-4.899	Deleterious	
A13F	-5.875	Deleterious	
A13C	-3.919	Deleterious	
A13G	-3.901	Deleterious	
A13S	-2.935	Deleterious	
A13Y	-5.875	Deleterious	
A13P	-4.895	Deleterious	
A13H	-5.873	Deleterious	
A13E	-4.895	Deleterious	
A13Q	-4.895	Deleterious	
A13K	-4.895	Deleterious	
A13R	-4.895	Deleterious	
G14S	-5.134	Deleterious	
G14Q	-6.919	Deleterious	
G14Y	-8.037	Deleterious	
G14K	-6.784	Deleterious	
G14L	-8.982	Deleterious	
G14A	-5.367	Deleterious	
G14C	-8.139	Deleterious	
G14E	-6.921	Deleterious	
G14H	-6.921	Deleterious	
G14F	-8.139	Deleterious	
G14P	-7.125	Deleterious	
G14R	-6.878	Deleterious	
V15S	-5.887	Deleterious	
V15Q	-5.884	Deleterious	
V15Y	-4.907	Deleterious	
V15K	-5.887	Deleterious	
V15L	-2.937	Deleterious	
V15A	-3.927	Deleterious	
V15C	-4.907	Deleterious	
V15E	-5.890	Deleterious	
V15G	-6.873	Deleterious	
V15H	-6.870	Deleterious	
V15F	-4.904	Deleterious	
V15P	-5.890	Deleterious	
V15R	-6.867	Deleterious	
S16Q	-3.925	Deleterious	
S16Y	-5.891	Deleterious	
S16K	-3.925	Deleterious	
S16L	-5.891	Deleterious	
S16A	-2.944	Deleterious	
S16C	-4.910	Deleterious	
S16E	-3.925	Deleterious	
S16G	-3.927	Deleterious	
S16H	-4.908	Deleterious	
S16F	-5.893	Deleterious	
S16P	-4.890	Deleterious	
S16R	-4.908	Deleterious	
Y17S	-5.729	Deleterious	
Y17Q	-4.934	Deleterious	
Y17K	-5.937	Deleterious	
Y17L	-5.541	Deleterious	
Y17A	-5.953	Deleterious	
Y17C	-6.386	Deleterious	
Y17E	-5.807	Deleterious	
Y17G	-6.775	Deleterious	
Y17H	-2.626	Deleterious	
Y17F	-2.999	Deleterious	
Y17P	-6.847	Deleterious	
Y17R	-5.837	Deleterious	
Q18S	-4.901	Deleterious	
Q18Y	-5.889	Deleterious	
Q18K	-3.923	Deleterious	
Q18L	-6.872	Deleterious	
Q18A	-5.886	Deleterious	
Q18C	-7.850	Deleterious	
Q18E	-2.937	Deleterious	
Q18G	-6.865	Deleterious	
Q18H	-4.904	Deleterious	
Q18F	-7.851	Deleterious	
Q18P	-5.876	Deleterious	
Q18R	-3.926	Deleterious	
T19S	-3.921	Deleterious	
T19Q	-5.887	Deleterious	
T19Y	-6.870	Deleterious	
T19K	-5.887	Deleterious	
T19L	-5.891	Deleterious	
T19A	-4.902	Deleterious	
T19C	-5.889	Deleterious	
T19E	-5.887	Deleterious	
T19G	-6.853	Deleterious	
T19H	-6.868	Deleterious	
T19F	-6.870	Deleterious	
T19P	-5.887	Deleterious	
T19R	-5.887	Deleterious	
V20S	-5.893	Deleterious	
V20Q	-5.893	Deleterious	
V20Y	-4.910	Deleterious	
V20K	-5.893	Deleterious	
V20L	-2.938	Deleterious	
V20A	-3.929	Deleterious	
V20C	-4.910	Deleterious	
V20E	-5.895	Deleterious	
V20G	-6.878	Deleterious	
V20H	-6.876	Deleterious	
V20F	-4.908	Deleterious	
V20P	-5.895	Deleterious	
V20R	-6.874	Deleterious	
S21Q	-3.921	Deleterious	
S21Y	-5.889	Deleterious	
S21K	-3.919	Deleterious	
S21L	-5.889	Deleterious	
S21A	-2.944	Deleterious	
S21C	-4.910	Deleterious	
S21E	-3.923	Deleterious	
S21G	-3.927	Deleterious	
S21H	-4.904	Deleterious	
S21F	-5.891	Deleterious	
S21P	-4.908	Deleterious	
S21R	-4.894	Deleterious	
R22S	-5.899	Deleterious	
R22Q	-3.933	Deleterious	
R22Y	-6.882	Deleterious	
R22K	-2.949	Deleterious	
R22L	-6.882	Deleterious	
R22A	-5.899	Deleterious	
R22C	-7.865	Deleterious	
R22E	-4.916	Deleterious	
R22G	-6.882	Deleterious	
R22H	-4.916	Deleterious	
R22F	-7.865	Deleterious	
R22P	-6.882	Deleterious	
V23S	-5.899	Deleterious	
V23Q	-5.899	Deleterious	
V23Y	-4.916	Deleterious	
V23K	-5.899	Deleterious	
V23L	-2.949	Deleterious	
V23A	-3.933	Deleterious	
V23C	-4.916	Deleterious	
V23E	-5.899	Deleterious	
V23G	-6.882	Deleterious	
V23H	-6.882	Deleterious	
V23F	-4.916	Deleterious	
V23P	-5.899	Deleterious	
V23R	-6.882	Deleterious	
V24S	-3.159	Deleterious	
V24Q	-3.523	Deleterious	
V24Y	-2.576	Deleterious	
V24K	-3.523	Deleterious	
V24L	1.330	Neutral	
V24A	-2.282	Neutral	
V24C	-2.476	Neutral	
V24E	-4.148	Deleterious	
V24G	-5.132	Deleterious	
V24H	-4.342	Deleterious	
V24F	-1.787	Neutral	
V24P	-4.148	Deleterious	
V24R	-3.617	Deleterious	
N25S	-4.916	Deleterious	
N25Q	-5.899	Deleterious	
N25Y	-7.865	Deleterious	
N25K	-5.899	Deleterious	
N25L	-8.848	Deleterious	
N25A	-7.865	Deleterious	
N25C	-8.848	Deleterious	
N25E	-5.899	Deleterious	
N25G	-5.899	Deleterious	
N25H	-4.916	Deleterious	
N25F	-8.848	Deleterious	
N25P	-7.865	Deleterious	
N25R	-5.899	Deleterious	
Q26S	-1.287	Neutral	
Q26Y	-3.046	Deleterious	
Q26K	-0.602	Neutral	
Q26L	-3.790	Deleterious	
Q26A	-2.340	Neutral	
Q26C	-3.829	Deleterious	
Q26E	-0.766	Neutral	
Q26G	-2.199	Neutral	
Q26H	-1.502	Neutral	
Q26F	-4.138	Deleterious	
Q26P	-2.806	Deleterious	
Q26R	-0.734	Neutral	
A27L	-3.526	Deleterious	
A27F	-3.945	Deleterious	
A27C	-2.774	Deleterious	
A27G	-1.946	Neutral	
A27S	-0.303	Neutral	
A27Y	-3.580	Deleterious	
A27P	-1.448	Neutral	
A27H	-2.684	Deleterious	
A27E	-2.335	Neutral	
A27Q	-2.335	Neutral	
A27K	-2.401	Neutral	
A27R	-2.797	Deleterious	
S28Q	-0.670	Neutral	
S28Y	-2.697	Deleterious	
S28K	-0.820	Neutral	
S28L	-2.496	Neutral	
S28A	0.144	Neutral	
S28C	-2.284	Neutral	
S28E	0.002	Neutral	
S28G	-1.577	Neutral	
S28H	-1.857	Neutral	
S28F	-3.093	Deleterious	
S28P	0.236	Neutral	
S28R	-1.530	Neutral	
H29S	-2.564	Deleterious	
H29Q	-2.174	Neutral	
H29Y	-2.941	Deleterious	
H29K	-2.544	Deleterious	
H29L	-4.798	Deleterious	
H29A	-3.915	Deleterious	
H29C	-5.166	Deleterious	
H29E	-2.540	Deleterious	
H29G	-3.786	Deleterious	
H29F	-4.461	Deleterious	
H29P	-4.277	Deleterious	
H29R	-2.599	Deleterious	
V30L	-2.949	Deleterious	
V30F	-4.916	Deleterious	
V30C	-4.916	Deleterious	
V30A	-3.933	Deleterious	
V30G	-6.882	Deleterious	
V30S	-5.899	Deleterious	
V30Y	-4.916	Deleterious	
V30P	-5.799	Deleterious	
V30H	-6.882	Deleterious	
V30E	-5.899	Deleterious	
V30Q	-5.899	Deleterious	
V30K	-5.899	Deleterious	
V30R	-6.882	Deleterious	
S31L	-4.980	Deleterious	
S31F	-5.160	Deleterious	
S31C	-3.997	Deleterious	
S31A	-1.638	Neutral	
S31G	-3.193	Deleterious	
S31Y	-5.160	Deleterious	
S31P	-4.143	Deleterious	
S31H	-4.356	Deleterious	
S31E	-3.306	Deleterious	
S31Q	-3.373	Deleterious	
S31K	-3.406	Deleterious	
S31R	-4.177	Deleterious	
A32L	-2.359	Neutral	
A32F	-3.046	Deleterious	
A32C	-2.532	Deleterious	
A32G	-1.885	Neutral	
A32S	-0.314	Neutral	
A32Y	-2.592	Deleterious	
A32P	0.034	Neutral	
A32H	-1.874	Neutral	
A32E	0.266	Neutral	
A32Q	-0.617	Neutral	
A32K	-0.920	Neutral	
A32R	-1.588	Neutral	
K33L	-4.122	Deleterious	
K33F	-4.963	Deleterious	
K33C	-4.671	Deleterious	
K33A	-2.357	Neutral	
K33G	-3.711	Deleterious	
K33S	-2.221	Neutral	
K33Y	-4.177	Deleterious	
K33P	-3.594	Deleterious	
K33H	-2.855	Deleterious	
K33E	-1.720	Neutral	
K33Q	-1.551	Neutral	
K33R	0.026	Neutral	
T34L	-5.899	Deleterious	
T34F	-6.882	Deleterious	
T34C	-5.899	Deleterious	
T34A	-4.916	Deleterious	
T34G	-6.882	Deleterious	
T34S	-3.933	Deleterious	
T34Y	-6.882	Deleterious	
T34P	-5.899	Deleterious	
T34H	-6.882	Deleterious	
T34E	-5.899	Deleterious	
T34Q	-5.899	Deleterious	
T34K	-5.899	Deleterious	
T34R	-5.899	Deleterious	
R35L	-6.215	Deleterious	
R35F	-7.299	Deleterious	
R35C	-7.332	Deleterious	
R35A	-5.432	Deleterious	
R35G	-6.482	Deleterious	
R35S	-5.399	Deleterious	
R35Y	-6.349	Deleterious	
R35P	-6.382	Deleterious	
R35H	-4.582	Deleterious	
R35E	-4.449	Deleterious	
R35Q	-3.433	Deleterious	
R35K	-2.549	Deleterious	
E36L	-3.595	Deleterious	
E36F	-4.203	Deleterious	
E36C	-4.450	Deleterious	
E36A	-2.373	Neutral	
E36G	-3.527	Deleterious	
E36S	-1.719	Neutral	
E36Y	-3.465	Deleterious	
E36P	-3.085	Deleterious	
E36H	-2.205	Neutral	
E36Q	-0.721	Neutral	
E36K	-1.207	Neutral	
E36R	-1.689	Neutral	
K37L	-5.795	Deleterious	
K37F	-6.801	Deleterious	
K37C	-6.801	Deleterious	
K37A	-4.879	Deleterious	
K37G	-5.895	Deleterious	
K37S	-4.189	Deleterious	
K37Y	-5.835	Deleterious	
K37P	-5.161	Deleterious	
K37H	-4.715	Deleterious	
K37E	-3.246	Deleterious	
K37Q	-2.983	Deleterious	
K37R	-1.510	Neutral	
V38L	-2.816	Deleterious	
V38F	-4.782	Deleterious	
V38C	-4.849	Deleterious	
V38A	-3.933	Deleterious	
V38G	-6.882	Deleterious	
V38S	-5.832	Deleterious	
V38Y	-4.849	Deleterious	
V38P	-5.899	Deleterious	
V38H	-6.815	Deleterious	
V38E	-5.899	Deleterious	
V38Q	-5.899	Deleterious	
V38K	-5.899	Deleterious	
V38R	-6.815	Deleterious	
E39L	-4.156	Deleterious	
E39F	-4.595	Deleterious	
E39C	-5.684	Deleterious	
E39A	-3.631	Deleterious	
E39G	-4.716	Deleterious	
E39S	-2.889	Deleterious	
E39Y	-3.925	Deleterious	
E39P	-4.038	Deleterious	
E39H	-2.717	Deleterious	
E39Q	-1.353	Neutral	
E39K	-2.325	Neutral	
E39R	-2.863	Deleterious	
A40L	-2.370	Neutral	
A40F	-3.109	Deleterious	
A40C	-2.575	Deleterious	
A40G	-1.733	Neutral	
A40S	-0.349	Neutral	
A40Y	-2.215	Neutral	
A40P	-1.855	Neutral	
A40H	-1.273	Neutral	
A40E	-0.097	Neutral	
A40Q	0.662	Neutral	
A40K	-0.411	Neutral	
A40R	-0.451	Neutral	
A41L	-4.857	Deleterious	
A41F	-5.810	Deleterious	
A41C	-3.873	Deleterious	
A41G	-3.844	Deleterious	
A41S	-2.772	Deleterious	
A41Y	-5.810	Deleterious	
A41P	-4.827	Deleterious	
A41H	-5.780	Deleterious	
A41E	-4.797	Deleterious	
A41Q	-4.797	Deleterious	
A41K	-4.797	Deleterious	
A41R	-4.827	Deleterious	
M42L	-1.621	Neutral	
M42F	-3.591	Deleterious	
M42C	-4.576	Deleterious	
M42A	-4.576	Deleterious	
M42G	-6.880	Deleterious	
M42S	-4.910	Deleterious	
M42Y	-4.576	Deleterious	
M42P	-5.895	Deleterious	
M42H	-5.895	Deleterious	
M42E	-5.886	Deleterious	
M42Q	-4.591	Deleterious	
M42K	-5.243	Deleterious	
M42R	-5.243	Deleterious	
A43L	-2.624	Deleterious	
A43F	-3.384	Deleterious	
A43C	-2.653	Deleterious	
A43G	-2.018	Neutral	
A43S	-0.648	Neutral	
A43Y	-2.897	Deleterious	
A43P	-2.159	Neutral	
A43H	-2.151	Neutral	
A43E	-0.639	Neutral	
A43Q	-0.822	Neutral	
A43K	-0.624	Neutral	
A43R	-1.036	Neutral	
E44L	-2.671	Deleterious	
E44F	-3.404	Deleterious	
E44C	-2.877	Deleterious	
E44A	-0.184	Neutral	
E44G	-2.437	Neutral	
E44S	-0.670	Neutral	
E44Y	-2.935	Deleterious	
E44P	-2.138	Neutral	
E44H	-2.286	Neutral	
E44Q	-0.711	Neutral	
E44K	-1.171	Neutral	
E44R	-1.616	Neutral	
L45F	-3.940	Deleterious	
L45C	-4.925	Deleterious	
L45A	-4.925	Deleterious	
L45G	-7.880	Deleterious	
L45S	-5.910	Deleterious	
L45Y	-4.925	Deleterious	
L45P	-6.895	Deleterious	
L45H	-6.895	Deleterious	
L45E	-6.895	Deleterious	
L45Q	-5.910	Deleterious	
L45K	-5.910	Deleterious	
L45R	-5.910	Deleterious	
N46L	-5.542	Deleterious	
N46F	-5.329	Deleterious	
N46C	-5.620	Deleterious	
N46A	-4.051	Deleterious	
N46G	-2.462	Neutral	
N46S	-2.568	Deleterious	
N46Y	-4.185	Deleterious	
N46P	-4.572	Deleterious	
N46H	-1.442	Neutral	
N46E	-2.905	Deleterious	
N46Q	-2.624	Deleterious	
N46K	-2.590	Deleterious	
N46R	-2.003	Neutral	
Y47L	-7.713	Deleterious	
Y47F	-3.706	Deleterious	
Y47C	-8.731	Deleterious	
Y47A	-8.731	Deleterious	
Y47G	-9.716	Deleterious	
Y47S	-8.731	Deleterious	
Y47P	-9.749	Deleterious	
Y47H	-4.891	Deleterious	
Y47E	-8.764	Deleterious	
Y47Q	-7.813	Deleterious	
Y47K	-8.764	Deleterious	
Y47R	-8.764	Deleterious	
I48L	-1.712	Neutral	
I48F	-3.586	Deleterious	
I48C	-3.750	Deleterious	
I48A	-2.893	Deleterious	
I48G	-5.685	Deleterious	
I48S	-4.448	Deleterious	
I48Y	-3.713	Deleterious	
I48P	-4.767	Deleterious	
I48H	-5.358	Deleterious	
I48E	-4.633	Deleterious	
I48Q	-4.567	Deleterious	
I48K	-4.500	Deleterious	
I48R	-4.995	Deleterious	
P49L	-9.516	Deleterious	
P49F	-10.501	Deleterious	
P49C	-9.549	Deleterious	
P49A	-7.580	Deleterious	
P49G	-8.564	Deleterious	
P49S	-7.580	Deleterious	
P49Y	-9.516	Deleterious	
P49H	-8.498	Deleterious	
P49E	-7.546	Deleterious	
P49Q	-7.513	Deleterious	
P49K	-7.480	Deleterious	
P49R	-8.331	Deleterious	
N50L	-8.861	Deleterious	
N50F	-8.861	Deleterious	
N50C	-8.860	Deleterious	
N50A	-7.875	Deleterious	
N50G	-5.907	Deleterious	
N50S	-4.920	Deleterious	
N50Y	-7.877	Deleterious	
N50P	-7.876	Deleterious	
N50H	-4.923	Deleterious	
N50E	-5.907	Deleterious	
N50Q	-5.907	Deleterious	
N50K	-5.907	Deleterious	
N50R	-5.907	Deleterious	
R51L	-5.886	Deleterious	
R51F	-6.796	Deleterious	
R51C	-6.771	Deleterious	
R51A	-4.818	Deleterious	
R51G	-5.920	Deleterious	
R51S	-4.760	Deleterious	
R51Y	-5.828	Deleterious	
R51P	-5.811	Deleterious	
R51H	-3.991	Deleterious	
R51E	-3.991	Deleterious	
R51Q	-3.206	Deleterious	
R51K	-2.063	Neutral	
V52L	-1.005	Neutral	
V52F	-2.304	Neutral	
V52C	-2.178	Neutral	
V52A	-0.615	Neutral	
V52G	-1.557	Neutral	
V52S	-1.328	Neutral	
V52Y	-2.435	Neutral	
V52P	-2.410	Neutral	
V52H	-3.144	Deleterious	
V52E	-2.528	Deleterious	
V52Q	-2.320	Neutral	
V52K	-2.345	Neutral	
V52R	-2.869	Deleterious	
A53L	-4.925	Deleterious	
A53F	-5.910	Deleterious	
A53C	-3.940	Deleterious	
A53G	-3.940	Deleterious	
A53S	-2.955	Deleterious	
A53Y	-5.910	Deleterious	
A53P	-4.925	Deleterious	
A53H	-5.910	Deleterious	
A53E	-4.925	Deleterious	
A53Q	-4.925	Deleterious	
A53K	-4.925	Deleterious	
A53R	-4.925	Deleterious	
Q54L	-6.620	Deleterious	
Q54F	-7.605	Deleterious	
Q54C	-7.605	Deleterious	
Q54A	-5.635	Deleterious	
Q54G	-6.620	Deleterious	
Q54S	-4.717	Deleterious	
Q54Y	-5.704	Deleterious	
Q54P	-5.702	Deleterious	
Q54H	-4.652	Deleterious	
Q54E	-2.816	Deleterious	
Q54K	-3.591	Deleterious	
Q54R	-3.397	Deleterious	
Q55L	-2.920	Deleterious	
Q55F	-4.566	Deleterious	
Q55C	-4.831	Deleterious	
Q55A	-3.457	Deleterious	
Q55G	-5.004	Deleterious	
Q55S	-2.968	Deleterious	
Q55Y	-3.590	Deleterious	
Q55P	-4.086	Deleterious	
Q55H	-3.466	Deleterious	
Q55E	-2.125	Neutral	
Q55K	-2.381	Neutral	
Q55R	-2.514	Deleterious	
L56F	-3.940	Deleterious	
L56C	-4.925	Deleterious	
L56A	-4.925	Deleterious	
L56G	-7.880	Deleterious	
L56S	-5.910	Deleterious	
L56Y	-4.925	Deleterious	
L56P	-6.895	Deleterious	
L56H	-6.895	Deleterious	
L56E	-6.895	Deleterious	
L56Q	-5.910	Deleterious	
L56K	-5.910	Deleterious	
L56R	-5.910	Deleterious	
A57L	-3.425	Deleterious	
A57F	-4.543	Deleterious	
A57C	-3.140	Deleterious	
A57G	-3.273	Deleterious	
A57S	-2.421	Neutral	
A57Y	-4.543	Deleterious	
A57P	-4.025	Deleterious	
A57H	-4.943	Deleterious	
A57E	-3.991	Deleterious	
A57Q	-3.991	Deleterious	
A57K	-3.991	Deleterious	
A57R	-4.258	Deleterious	
G58L	-7.449	Deleterious	
G58F	-6.931	Deleterious	
G58C	-6.864	Deleterious	
G58A	-4.210	Deleterious	
G58S	-4.110	Deleterious	
G58Y	-6.731	Deleterious	
G58P	-5.913	Deleterious	
G58H	-5.680	Deleterious	
G58E	-5.546	Deleterious	
G58Q	-5.313	Deleterious	
G58K	-5.313	Deleterious	
G58R	-4.913	Deleterious	
K59L	-5.961	Deleterious	
K59F	-6.880	Deleterious	
K59C	-6.746	Deleterious	
K59A	-4.610	Deleterious	
K59G	-5.561	Deleterious	
K59S	-4.025	Deleterious	
K59Y	-5.995	Deleterious	
K59P	-5.110	Deleterious	
K59H	-4.976	Deleterious	
K59E	-3.340	Deleterious	
K59Q	-3.240	Deleterious	
K59R	-2.055	Neutral	
Q60L	-2.912	Deleterious	
Q60F	-3.741	Deleterious	
Q60C	-3.666	Deleterious	
Q60A	-1.762	Neutral	
Q60G	-3.193	Deleterious	
Q60S	-1.409	Neutral	
Q60Y	-2.723	Deleterious	
Q60P	-2.829	Deleterious	
Q60H	-1.602	Neutral	
Q60E	-0.980	Neutral	
Q60K	-0.796	Neutral	
Q60R	-0.488	Neutral	
S61L	-2.961	Deleterious	
S61F	-3.766	Deleterious	
S61C	-3.047	Deleterious	
S61A	-1.387	Neutral	
S61G	-3.073	Deleterious	
S61Y	-3.865	Deleterious	
S61P	-3.110	Deleterious	
S61H	-3.650	Deleterious	
S61E	-2.797	Deleterious	
S61Q	-2.697	Deleterious	
S61K	-2.697	Deleterious	
S61R	-3.376	Deleterious	
L62F	-0.481	Neutral	
L62C	-0.947	Neutral	
L62A	0.498	Neutral	
L62G	-0.714	Neutral	
L62S	0.966	Neutral	
L62Y	0.053	Neutral	
L62P	0.971	Neutral	
L62H	0.374	Neutral	
L62E	1.017	Neutral	
L62Q	1.525	Neutral	
L62K	2.000	Neutral	
L62R	1.908	Neutral	
L63F	-1.337	Neutral	
L63C	-0.641	Neutral	
L63A	0.415	Neutral	
L63G	-1.819	Neutral	
L63S	0.808	Neutral	
L63Y	-1.499	Neutral	
L63P	-1.030	Neutral	
L63H	-1.823	Neutral	
L63E	-0.998	Neutral	
L63Q	-0.837	Neutral	
L63K	-0.871	Neutral	
L63R	-0.935	Neutral	
I64L	-0.022	Neutral	
I64F	-2.661	Deleterious	
I64C	-3.793	Deleterious	
I64A	-3.705	Deleterious	
I64G	-6.591	Deleterious	
I64S	-4.740	Deleterious	
I64Y	-3.626	Deleterious	
I64P	-5.639	Deleterious	
I64H	-5.659	Deleterious	
I64E	-5.639	Deleterious	
I64Q	-5.162	Deleterious	
I64K	-5.167	Deleterious	
I64R	-5.254	Deleterious	
G65L	-9.855	Deleterious	
G65F	-8.870	Deleterious	
G65C	-8.870	Deleterious	
G65A	-5.913	Deleterious	
G65S	-5.913	Deleterious	
G65Y	-8.870	Deleterious	
G65P	-7.884	Deleterious	
G65H	-7.884	Deleterious	
G65E	-7.884	Deleterious	
G65Q	-7.884	Deleterious	
G65K	-7.884	Deleterious	
G65R	-7.884	Deleterious	
V66L	1.590	Neutral	
V66F	-1.497	Neutral	
V66C	-2.588	Deleterious	
V66A	-2.460	Neutral	
V66G	-5.350	Deleterious	
V66S	-3.540	Deleterious	
V66Y	-2.421	Neutral	
V66P	-4.431	Deleterious	
V66H	-4.459	Deleterious	
V66E	-4.398	Deleterious	
V66Q	-3.707	Deleterious	
V66K	-3.707	Deleterious	
V66R	-3.834	Deleterious	
A67L	-0.415	Neutral	
A67F	-2.165	Neutral	
A67C	-1.752	Neutral	
A67G	-3.305	Deleterious	
A67S	-2.024	Neutral	
A67Y	-2.461	Neutral	
A67P	-3.028	Deleterious	
A67H	-3.718	Deleterious	
A67E	-3.028	Deleterious	
A67Q	-2.950	Deleterious	
A67K	-2.956	Deleterious	
A67R	-3.292	Deleterious	
T68L	-5.247	Deleterious	
T68F	-5.965	Deleterious	
T68C	-5.047	Deleterious	
T68A	-3.794	Deleterious	
T68G	-5.099	Deleterious	
T68S	-2.609	Deleterious	
T68Y	-5.965	Deleterious	
T68P	-4.980	Deleterious	
T68H	-5.765	Deleterious	
T68E	-4.847	Deleterious	
T68Q	-4.847	Deleterious	
T68K	-4.847	Deleterious	
T68R	-4.980	Deleterious	
S69L	-0.966	Neutral	
S69F	-1.985	Neutral	
S69C	-1.562	Neutral	
S69A	-0.209	Neutral	
S69G	-2.501	Deleterious	
S69Y	-2.271	Neutral	
S69P	-2.179	Neutral	
S69H	-2.691	Deleterious	
S69E	-1.991	Neutral	
S69Q	-1.891	Neutral	
S69K	-1.891	Neutral	
S69R	-2.080	Neutral	
S70L	-4.420	Deleterious	
S70F	-4.072	Deleterious	
S70C	-3.764	Deleterious	
S70A	-2.205	Neutral	
S70G	-1.941	Neutral	
S70Y	-3.877	Deleterious	
S70P	-2.604	Deleterious	
S70H	-2.286	Neutral	
S70E	-0.458	Neutral	
S70Q	-1.424	Neutral	
S70K	-1.740	Neutral	
S70R	-2.630	Deleterious	
L71F	-3.572	Deleterious	
L71C	-4.488	Deleterious	
L71A	-4.453	Deleterious	
L71G	-7.310	Deleterious	
L71S	-5.307	Deleterious	
L71Y	-4.522	Deleterious	
L71P	-6.324	Deleterious	
L71H	-6.360	Deleterious	
L71E	-6.324	Deleterious	
L71Q	-5.374	Deleterious	
L71K	-5.441	Deleterious	
L71R	-5.443	Deleterious	
A72L	-3.484	Deleterious	
A72F	-4.341	Deleterious	
A72C	-2.895	Deleterious	
A72G	-2.896	Deleterious	
A72S	-0.897	Neutral	
A72Y	-4.374	Deleterious	
A72P	-3.555	Deleterious	
A72H	-4.245	Deleterious	
A72E	-3.293	Deleterious	
A72Q	-3.259	Deleterious	
A72K	-3.259	Deleterious	
A72R	-3.555	Deleterious	
L73F	-3.070	Deleterious	
L73C	-4.500	Deleterious	
L73A	-4.439	Deleterious	
L73G	-7.140	Deleterious	
L73S	-5.252	Deleterious	
L73Y	-4.078	Deleterious	
L73P	-6.304	Deleterious	
L73H	-6.060	Deleterious	
L73E	-6.132	Deleterious	
L73Q	-5.113	Deleterious	
L73K	-5.285	Deleterious	
L73R	-5.285	Deleterious	
H74L	-8.708	Deleterious	
H74F	-7.070	Deleterious	
H74C	-9.074	Deleterious	
H74A	-8.155	Deleterious	
H74G	-8.355	Deleterious	
H74S	-7.270	Deleterious	
H74Y	-4.447	Deleterious	
H74P	-8.322	Deleterious	
H74E	-6.418	Deleterious	
H74Q	-6.351	Deleterious	
H74K	-7.270	Deleterious	
H74R	-6.518	Deleterious	
A75L	-4.761	Deleterious	
A75F	-5.413	Deleterious	
A75C	-3.775	Deleterious	
A75G	-2.275	Neutral	
A75S	-2.457	Neutral	
A75Y	-5.413	Deleterious	
A75P	-4.428	Deleterious	
A75H	-5.247	Deleterious	
A75E	-4.428	Deleterious	
A75Q	-4.428	Deleterious	
A75K	-4.428	Deleterious	
A75R	-4.428	Deleterious	
P76L	-8.755	Deleterious	
P76F	-9.774	Deleterious	
P76C	-8.755	Deleterious	
P76A	-6.684	Deleterious	
P76G	-7.937	Deleterious	
P76S	-6.951	Deleterious	
P76Y	-8.889	Deleterious	
P76H	-8.070	Deleterious	
P76E	-7.084	Deleterious	
P76Q	-7.084	Deleterious	
P76K	-7.084	Deleterious	
P76R	-8.003	Deleterious	
S77L	-5.080	Deleterious	
S77F	-5.280	Deleterious	
S77C	-4.228	Deleterious	
S77A	-2.057	Neutral	
S77G	-3.475	Deleterious	
S77Y	-5.313	Deleterious	
S77P	-4.394	Deleterious	
S77H	-4.528	Deleterious	
S77E	-3.575	Deleterious	
S77Q	-3.509	Deleterious	
S77K	-3.542	Deleterious	
S77R	-4.361	Deleterious	
Q78L	-5.765	Deleterious	
Q78F	-6.818	Deleterious	
Q78C	-6.951	Deleterious	
Q78A	-5.180	Deleterious	
Q78G	-6.165	Deleterious	
Q78S	-4.261	Deleterious	
Q78Y	-5.047	Deleterious	
Q78P	-5.313	Deleterious	
Q78H	-4.028	Deleterious	
Q78E	-2.623	Deleterious	
Q78K	-3.442	Deleterious	
Q78R	-3.409	Deleterious	
I79L	-1.504	Neutral	
I79F	-3.409	Deleterious	
I79C	-4.229	Deleterious	
I79A	-4.030	Deleterious	
I79G	-6.586	Deleterious	
I79S	-4.914	Deleterious	
I79Y	-4.262	Deleterious	
I79P	-5.901	Deleterious	
I79H	-6.000	Deleterious	
I79E	-5.901	Deleterious	
I79Q	-5.734	Deleterious	
I79K	-5.801	Deleterious	
I79R	-5.866	Deleterious	
V80L	-1.208	Neutral	
V80F	-2.504	Deleterious	
V80C	-1.089	Neutral	
V80A	2.053	Neutral	
V80G	-1.644	Neutral	
V80S	-0.592	Neutral	
V80Y	-2.571	Deleterious	
V80P	-2.141	Neutral	
V80H	-3.060	Deleterious	
V80E	-2.008	Neutral	
V80Q	-2.074	Neutral	
V80K	-2.108	Neutral	
V80R	-2.286	Neutral	
A81L	-3.289	Deleterious	
A81F	-4.075	Deleterious	
A81C	-2.838	Deleterious	
A81G	-2.474	Neutral	
A81S	-0.487	Neutral	
A81Y	-4.042	Deleterious	
A81P	-3.323	Deleterious	
A81H	-3.609	Deleterious	
A81E	-2.690	Deleterious	
A81Q	-2.724	Deleterious	
A81K	-2.757	Deleterious	
A81R	-3.023	Deleterious	
A82L	-4.461	Deleterious	
A82F	-5.013	Deleterious	
A82C	-3.475	Deleterious	
A82G	-2.109	Neutral	
A82S	-1.557	Neutral	
A82Y	-5.013	Deleterious	
A82P	-4.028	Deleterious	
A82H	-4.713	Deleterious	
A82E	-3.861	Deleterious	
A82Q	-3.861	Deleterious	
A82K	-3.861	Deleterious	
A82R	-4.028	Deleterious	
I83L	-1.804	Neutral	
I83F	-3.509	Deleterious	
I83C	-4.320	Deleterious	
I83A	-3.912	Deleterious	
I83G	-6.769	Deleterious	
I83S	-5.239	Deleterious	
I83Y	-4.153	Deleterious	
I83P	-5.850	Deleterious	
I83H	-6.158	Deleterious	
I83E	-5.817	Deleterious	
I83Q	-5.750	Deleterious	
I83K	-5.783	Deleterious	
I83R	-6.191	Deleterious	
K84L	-5.962	Deleterious	
K84F	-6.915	Deleterious	
K84C	-6.948	Deleterious	
K84A	-4.944	Deleterious	
K84G	-5.931	Deleterious	
K84S	-4.060	Deleterious	
K84Y	-5.796	Deleterious	
K84P	-5.045	Deleterious	
K84H	-4.678	Deleterious	
K84E	-2.808	Deleterious	
K84Q	-2.408	Neutral	
K84R	-1.889	Neutral	
S85L	-2.504	Deleterious	
S85F	-3.253	Deleterious	
S85C	-2.912	Deleterious	
S85A	-1.384	Neutral	
S85G	-2.433	Neutral	
S85Y	-2.738	Deleterious	
S85P	-2.445	Neutral	
S85H	-1.759	Neutral	
S85E	-1.211	Neutral	
S85Q	-0.718	Neutral	
S85K	-0.625	Neutral	
S85R	-0.795	Neutral	
R86L	-3.290	Deleterious	
R86F	-3.054	Deleterious	
R86C	-3.895	Deleterious	
R86A	-2.299	Neutral	
R86G	-3.425	Deleterious	
R86S	-2.055	Neutral	
R86Y	-1.421	Neutral	
R86P	-3.203	Deleterious	
R86H	-0.364	Neutral	
R86E	-1.504	Neutral	
R86Q	-0.929	Neutral	
R86K	-0.811	Neutral	
A87L	-4.528	Deleterious	
A87F	-5.580	Deleterious	
A87C	-3.742	Deleterious	
A87G	-3.675	Deleterious	
A87S	-2.690	Deleterious	
A87Y	-5.562	Deleterious	
A87P	-4.728	Deleterious	
A87H	-5.647	Deleterious	
A87E	-4.694	Deleterious	
A87Q	-4.661	Deleterious	
A87K	-4.661	Deleterious	
A87R	-4.694	Deleterious	
D88L	-2.237	Neutral	
D88F	-2.248	Neutral	
D88C	-2.063	Neutral	
D88A	0.033	Neutral	
D88G	-0.017	Neutral	
D88S	0.773	Neutral	
D88Y	-1.540	Neutral	
D88P	-1.270	Neutral	
D88H	-0.070	Neutral	
D88E	0.192	Neutral	
D88Q	0.103	Neutral	
D88K	0.272	Neutral	
D88R	0.055	Neutral	
Q89L	-2.939	Deleterious	
Q89F	-3.835	Deleterious	
Q89C	-3.892	Deleterious	
Q89A	-1.605	Neutral	
Q89G	-2.826	Deleterious	
Q89S	-1.424	Neutral	
Q89Y	-2.930	Deleterious	
Q89P	-2.758	Deleterious	
Q89H	-2.113	Neutral	
Q89E	-0.108	Neutral	
Q89K	-1.091	Neutral	
Q89R	-1.334	Neutral	
L90F	-1.691	Neutral	
L90C	-1.659	Neutral	
L90A	0.041	Neutral	
L90G	-2.146	Neutral	
L90S	-0.536	Neutral	
L90Y	-1.484	Neutral	
L90P	-2.009	Neutral	
L90H	-1.543	Neutral	
L90E	-1.020	Neutral	
L90Q	-0.182	Neutral	
L90K	-0.808	Neutral	
L90R	-0.691	Neutral	
G91L	-7.824	Deleterious	
G91F	-6.917	Deleterious	
G91C	-7.078	Deleterious	
G91A	-4.471	Deleterious	
G91S	-4.131	Deleterious	
G91Y	-6.854	Deleterious	
G91P	-6.016	Deleterious	
G91H	-5.851	Deleterious	
G91E	-5.461	Deleterious	
G91Q	-5.408	Deleterious	
G91K	-5.774	Deleterious	
G91R	-5.849	Deleterious	
A92L	0.686	Neutral	
A92F	3.544	Neutral	
A92C	-0.533	Neutral	
A92G	-1.582	Neutral	
A92S	-0.436	Neutral	
A92Y	4.983	Neutral	
A92P	-1.779	Neutral	
A92H	1.329	Neutral	
A92E	-1.046	Neutral	
A92Q	-0.448	Neutral	
A92K	-0.981	Neutral	
A92R	-0.981	Neutral	
S93L	-3.176	Deleterious	
S93F	-3.224	Deleterious	
S93C	-3.304	Deleterious	
S93A	-1.619	Neutral	
S93G	-1.632	Neutral	
S93Y	-2.517	Deleterious	
S93P	-2.574	Deleterious	
S93H	-1.060	Neutral	
S93E	-0.838	Neutral	
S93Q	-0.365	Neutral	
S93K	-1.263	Neutral	
S93R	-1.425	Neutral	
V94L	-2.019	Neutral	
V94F	-3.724	Deleterious	
V94C	-3.959	Deleterious	
V94A	-2.942	Deleterious	
V94G	-5.840	Deleterious	
V94S	-4.500	Deleterious	
V94Y	-3.954	Deleterious	
V94P	-5.001	Deleterious	
V94H	-5.705	Deleterious	
V94E	-4.968	Deleterious	
V94Q	-4.896	Deleterious	
V94K	-4.901	Deleterious	
V94R	-5.571	Deleterious	
V95L	-0.936	Neutral	
V95F	-2.917	Deleterious	
V95C	-2.765	Deleterious	
V95A	-1.477	Neutral	
V95G	-4.321	Deleterious	
V95S	-2.631	Deleterious	
V95Y	-3.176	Deleterious	
V95P	-3.865	Deleterious	
V95H	-4.376	Deleterious	
V95E	-3.718	Deleterious	
V95Q	-3.451	Deleterious	
V95K	-3.487	Deleterious	
V95R	-4.086	Deleterious	
V96L	-0.537	Neutral	
V96F	-2.783	Deleterious	
V96C	-3.697	Deleterious	
V96A	-3.620	Deleterious	
V96G	-6.495	Deleterious	
V96S	-4.650	Deleterious	
V96Y	-3.697	Deleterious	
V96P	-5.531	Deleterious	
V96H	-5.623	Deleterious	
V96E	-5.452	Deleterious	
V96Q	-5.347	Deleterious	
V96K	-5.383	Deleterious	
V96R	-5.459	Deleterious	
S97L	-3.385	Deleterious	
S97F	-3.998	Deleterious	
S97C	-2.678	Deleterious	
S97A	0.011	Neutral	
S97G	-2.452	Neutral	
S97Y	-4.031	Deleterious	
S97P	-3.161	Deleterious	
S97H	-3.722	Deleterious	
S97E	-2.699	Deleterious	
S97Q	-2.765	Deleterious	
S97K	-2.765	Deleterious	
S97R	-3.242	Deleterious	
M98L	-2.402	Neutral	
M98F	-4.249	Deleterious	
M98C	-4.905	Deleterious	
M98A	-4.557	Deleterious	
M98G	-6.595	Deleterious	
M98S	-4.738	Deleterious	
M98Y	-5.038	Deleterious	
M98P	-5.742	Deleterious	
M98H	-5.956	Deleterious	
M98E	-5.686	Deleterious	
M98Q	-4.205	Deleterious	
M98K	-5.005	Deleterious	
M98R	-5.138	Deleterious	
V99L	-0.225	Neutral	
V99F	-2.656	Deleterious	
V99C	-3.113	Deleterious	
V99A	-2.605	Deleterious	
V99G	-5.159	Deleterious	
V99S	-3.644	Deleterious	
V99Y	-3.160	Deleterious	
V99P	-3.890	Deleterious	
V99H	-4.754	Deleterious	
V99E	-4.282	Deleterious	
V99Q	-4.031	Deleterious	
V99K	-4.054	Deleterious	
V99R	-4.418	Deleterious	
E100L	-4.642	Deleterious	
E100F	-4.603	Deleterious	
E100C	-4.659	Deleterious	
E100A	-2.702	Deleterious	
E100G	-3.047	Deleterious	
E100S	-1.576	Neutral	
E100Y	-4.104	Deleterious	
E100P	-3.097	Deleterious	
E100H	-2.503	Deleterious	
E100Q	-1.381	Neutral	
E100K	-1.741	Neutral	
E100R	-2.296	Neutral	
R101L	-2.733	Deleterious	
R101F	-2.919	Deleterious	
R101C	-2.881	Deleterious	
R101A	-1.109	Neutral	
R101G	-1.566	Neutral	
R101S	-0.054	Neutral	
R101Y	-2.157	Neutral	
R101P	-1.482	Neutral	
R101H	-0.592	Neutral	
R101E	1.085	Neutral	
R101Q	0.797	Neutral	
R101K	0.096	Neutral	
S102L	-1.689	Neutral	
S102F	-2.207	Neutral	
S102C	-2.103	Neutral	
S102A	-0.538	Neutral	
S102G	-1.073	Neutral	
S102Y	-1.655	Neutral	
S102P	-0.523	Neutral	
S102H	-0.511	Neutral	
S102E	-0.696	Neutral	
S102Q	-0.537	Neutral	
S102K	-0.906	Neutral	
S102R	-1.247	Neutral	
G103L	-2.563	Deleterious	
G103F	-2.436	Neutral	
G103C	-2.213	Neutral	
G103A	-0.504	Neutral	
G103S	0.360	Neutral	
G103Y	-2.232	Neutral	
G103P	-1.213	Neutral	
G103H	-1.139	Neutral	
G103E	0.488	Neutral	
G103Q	-0.092	Neutral	
G103K	-0.873	Neutral	
G103R	-1.472	Neutral	
V104L	-0.344	Neutral	
V104F	-1.105	Neutral	
V104C	-1.632	Neutral	
V104A	-0.330	Neutral	
V104G	-1.509	Neutral	
V104S	-0.598	Neutral	
V104Y	-0.768	Neutral	
V104P	-1.415	Neutral	
V104H	-1.212	Neutral	
V104E	-0.796	Neutral	
V104Q	-0.801	Neutral	
V104K	-0.975	Neutral	
V104R	-1.090	Neutral	
E105L	-3.266	Deleterious	
E105F	-3.472	Deleterious	
E105C	-3.616	Deleterious	
E105A	-1.678	Neutral	
E105G	-2.232	Neutral	
E105S	-1.069	Neutral	
E105Y	-2.575	Deleterious	
E105P	-1.918	Neutral	
E105H	-1.288	Neutral	
E105Q	-0.342	Neutral	
E105K	-1.003	Neutral	
E105R	-1.539	Neutral	
A106L	-2.979	Deleterious	
A106F	-3.324	Deleterious	
A106C	-2.570	Deleterious	
A106G	-1.129	Neutral	
A106S	0.111	Neutral	
A106Y	-3.109	Deleterious	
A106P	-2.241	Neutral	
A106H	-2.383	Neutral	
A106E	-0.951	Neutral	
A106Q	-1.327	Neutral	
A106K	-1.497	Neutral	
A106R	-1.999	Neutral	
C107L	-1.701	Neutral	
C107F	-3.387	Deleterious	
C107A	-2.682	Deleterious	
C107G	-5.622	Deleterious	
C107S	-3.887	Deleterious	
C107Y	-3.854	Deleterious	
C107P	-5.278	Deleterious	
C107H	-5.309	Deleterious	
C107E	-5.470	Deleterious	
C107Q	-4.939	Deleterious	
C107K	-4.949	Deleterious	
C107R	-4.876	Deleterious	
K108L	-3.284	Deleterious	
K108F	-4.048	Deleterious	
K108C	-3.648	Deleterious	
K108A	-2.168	Neutral	
K108G	-3.084	Deleterious	
K108S	-1.320	Neutral	
K108Y	-2.825	Deleterious	
K108P	-2.561	Deleterious	
K108H	-1.645	Neutral	
K108E	-0.090	Neutral	
K108Q	1.122	Neutral	
K108R	0.014	Neutral	
A109L	-2.312	Neutral	
A109F	-2.746	Deleterious	
A109C	-2.210	Neutral	
A109G	-1.066	Neutral	
A109S	-0.274	Neutral	
A109Y	-2.443	Neutral	
A109P	-1.965	Neutral	
A109H	-1.546	Neutral	
A109E	-0.829	Neutral	
A109Q	-1.000	Neutral	
A109K	-1.146	Neutral	
A109R	-0.965	Neutral	
A110L	-4.285	Deleterious	
A110F	-5.136	Deleterious	
A110C	-3.100	Deleterious	
A110G	-3.430	Deleterious	
A110S	-2.097	Neutral	
A110Y	-5.105	Deleterious	
A110P	-4.262	Deleterious	
A110H	-4.983	Deleterious	
A110E	-4.140	Deleterious	
A110Q	-4.073	Deleterious	
A110K	-4.041	Deleterious	
A110R	-4.043	Deleterious	
V111L	-1.019	Neutral	
V111F	-3.444	Deleterious	
V111C	-3.939	Deleterious	
V111A	-3.444	Deleterious	
V111G	-6.339	Deleterious	
V111S	-4.758	Deleterious	
V111Y	-3.939	Deleterious	
V111P	-5.388	Deleterious	
V111H	-5.879	Deleterious	
V111E	-5.388	Deleterious	
V111Q	-5.098	Deleterious	
V111K	-5.131	Deleterious	
V111R	-5.589	Deleterious	
H112L	-3.375	Deleterious	
H112F	-3.487	Deleterious	
H112C	-3.542	Deleterious	
H112A	-2.110	Neutral	
H112G	-1.775	Neutral	
H112S	-0.488	Neutral	
H112Y	-2.398	Neutral	
H112P	-2.646	Deleterious	
H112E	-0.728	Neutral	
H112Q	-0.342	Neutral	
H112K	-0.917	Neutral	
H112R	-0.614	Neutral	
N113L	-3.749	Deleterious	
N113F	-3.584	Deleterious	
N113C	-4.314	Deleterious	
N113A	-1.839	Neutral	
N113G	-2.324	Neutral	
N113S	-0.520	Neutral	
N113Y	-2.676	Deleterious	
N113P	-1.841	Neutral	
N113H	-0.519	Neutral	
N113E	3.050	Neutral	
N113Q	0.696	Neutral	
N113K	-0.158	Neutral	
N113R	-0.978	Neutral	
L114F	-2.969	Deleterious	
L114C	-4.135	Deleterious	
L114A	-4.435	Deleterious	
L114G	-7.206	Deleterious	
L114S	-5.309	Deleterious	
L114Y	-4.090	Deleterious	
L114P	-6.414	Deleterious	
L114H	-6.134	Deleterious	
L114E	-6.365	Deleterious	
L114Q	-5.425	Deleterious	
L114K	-5.458	Deleterious	
L114R	-5.458	Deleterious	
L115F	-2.311	Neutral	
L115C	-2.869	Deleterious	
L115A	-1.973	Neutral	
L115G	-3.769	Deleterious	
L115S	-2.221	Neutral	
L115Y	-2.404	Neutral	
L115P	-3.244	Deleterious	
L115H	-2.848	Deleterious	
L115E	-2.381	Neutral	
L115Q	-1.448	Neutral	
L115K	-0.960	Neutral	
L115R	-0.966	Neutral	
A116L	-4.168	Deleterious	
A116F	-4.829	Deleterious	
A116C	-3.251	Deleterious	
A116G	-2.894	Deleterious	
A116S	-1.106	Neutral	
A116Y	-4.796	Deleterious	
A116P	-3.806	Deleterious	
A116H	-4.400	Deleterious	
A116E	-3.377	Deleterious	
A116Q	-3.410	Deleterious	
A116K	-3.410	Deleterious	
A116R	-3.606	Deleterious	
Q117L	-6.661	Deleterious	
Q117F	-7.551	Deleterious	
Q117C	-7.618	Deleterious	
Q117A	-5.672	Deleterious	
Q117G	-6.628	Deleterious	
Q117S	-4.715	Deleterious	
Q117Y	-5.572	Deleterious	
Q117P	-5.705	Deleterious	
Q117H	-4.382	Deleterious	
Q117E	-2.802	Deleterious	
Q117K	-3.692	Deleterious	
Q117R	-3.559	Deleterious	
R118L	-5.526	Deleterious	
R118F	-6.248	Deleterious	
R118C	-6.336	Deleterious	
R118A	-4.493	Deleterious	
R118G	-4.972	Deleterious	
R118S	-4.076	Deleterious	
R118Y	-5.223	Deleterious	
R118P	-5.232	Deleterious	
R118H	-3.296	Deleterious	
R118E	-3.251	Deleterious	
R118Q	-2.426	Neutral	
R118K	-1.820	Neutral	
V119L	-2.706	Deleterious	
V119F	-4.686	Deleterious	
V119C	-4.817	Deleterious	
V119A	-3.959	Deleterious	
V119G	-6.928	Deleterious	
V119S	-5.807	Deleterious	
V119Y	-4.817	Deleterious	
V119P	-5.938	Deleterious	
V119H	-6.797	Deleterious	
V119E	-5.938	Deleterious	
V119Q	-5.938	Deleterious	
V119K	-5.938	Deleterious	
V119R	-6.797	Deleterious	
S120L	-3.429	Deleterious	
S120F	-3.180	Deleterious	
S120C	-3.142	Deleterious	
S120A	-1.479	Neutral	
S120G	-1.601	Neutral	
S120Y	-2.854	Deleterious	
S120P	-1.501	Neutral	
S120H	-1.193	Neutral	
S120E	1.391	Neutral	
S120Q	-0.049	Neutral	
S120K	-0.506	Neutral	
S120R	-1.148	Neutral	
G121L	-6.504	Deleterious	
G121F	-5.922	Deleterious	
G121C	-5.931	Deleterious	
G121A	-3.200	Deleterious	
G121S	-3.220	Deleterious	
G121Y	-5.889	Deleterious	
G121P	-5.232	Deleterious	
G121H	-5.178	Deleterious	
G121E	-4.866	Deleterious	
G121Q	-4.832	Deleterious	
G121K	-4.399	Deleterious	
G121R	-4.682	Deleterious	
L122F	-2.427	Neutral	
L122C	-2.943	Deleterious	
L122A	-2.421	Neutral	
L122G	-5.406	Deleterious	
L122S	-3.802	Deleterious	
L122Y	-3.041	Deleterious	
L122P	-4.514	Deleterious	
L122H	-4.889	Deleterious	
L122E	-4.514	Deleterious	
L122Q	-4.200	Deleterious	
L122K	-4.233	Deleterious	
L122R	-4.559	Deleterious	
I123L	-0.743	Neutral	
I123F	-3.338	Deleterious	
I123C	-4.229	Deleterious	
I123A	-4.129	Deleterious	
I123G	-7.098	Deleterious	
I123S	-5.219	Deleterious	
I123Y	-4.228	Deleterious	
I123P	-6.109	Deleterious	
I123H	-6.208	Deleterious	
I123E	-6.108	Deleterious	
I123Q	-5.799	Deleterious	
I123K	-5.799	Deleterious	
I123R	-5.900	Deleterious	
I124L	-1.646	Neutral	
I124F	-3.692	Deleterious	
I124C	-4.435	Deleterious	
I124A	-4.188	Deleterious	
I124G	-7.090	Deleterious	
I124S	-5.358	Deleterious	
I124Y	-4.435	Deleterious	
I124P	-6.100	Deleterious	
I124H	-6.347	Deleterious	
I124E	-6.100	Deleterious	
I124Q	-5.934	Deleterious	
I124K	-6.000	Deleterious	
I124R	-6.247	Deleterious	
N125L	-7.786	Deleterious	
N125F	-7.886	Deleterious	
N125C	-7.821	Deleterious	
N125A	-6.800	Deleterious	
N125G	-5.315	Deleterious	
N125S	-4.031	Deleterious	
N125Y	-7.061	Deleterious	
N125P	-7.029	Deleterious	
N125H	-4.488	Deleterious	
N125E	-5.248	Deleterious	
N125Q	-5.248	Deleterious	
N125K	-5.248	Deleterious	
N125R	-5.313	Deleterious	
Y126L	1.973	Neutral	
Y126F	0.262	Neutral	
Y126C	-0.494	Neutral	
Y126A	0.233	Neutral	
Y126G	-2.537	Deleterious	
Y126S	-1.046	Neutral	
Y126P	-1.814	Neutral	
Y126H	-1.947	Neutral	
Y126E	-1.719	Neutral	
Y126Q	-1.389	Neutral	
Y126K	-1.455	Neutral	
Y126R	-1.849	Neutral	
P127L	-9.630	Deleterious	
P127F	-10.520	Deleterious	
P127C	-9.597	Deleterious	
P127A	-7.584	Deleterious	
P127G	-8.241	Deleterious	
P127S	-7.584	Deleterious	
P127Y	-9.564	Deleterious	
P127H	-8.407	Deleterious	
P127E	-7.651	Deleterious	
P127Q	-7.651	Deleterious	
P127K	-7.651	Deleterious	
P127R	-8.607	Deleterious	
L128F	-3.425	Deleterious	
L128C	-4.349	Deleterious	
L128A	-4.149	Deleterious	
L128G	-6.951	Deleterious	
L128S	-5.105	Deleterious	
L128Y	-4.115	Deleterious	
L128P	-5.828	Deleterious	
L128H	-5.728	Deleterious	
L128E	-5.828	Deleterious	
L128Q	-4.905	Deleterious	
L128K	-5.072	Deleterious	
L128R	-5.122	Deleterious	
D129L	-4.330	Deleterious	
D129F	-4.106	Deleterious	
D129C	-4.598	Deleterious	
D129A	-2.218	Neutral	
D129G	-2.691	Deleterious	
D129S	-1.017	Neutral	
D129Y	-3.616	Deleterious	
D129P	-2.338	Neutral	
D129H	-1.851	Neutral	
D129E	1.194	Neutral	
D129Q	-0.608	Neutral	
D129K	-1.026	Neutral	
D129R	-1.909	Neutral	
D130L	-2.574	Deleterious	
D130F	-2.997	Deleterious	
D130C	-2.473	Neutral	
D130A	-0.539	Neutral	
D130G	-1.302	Neutral	
D130S	0.528	Neutral	
D130Y	-2.551	Deleterious	
D130P	-0.911	Neutral	
D130H	-1.299	Neutral	
D130E	0.042	Neutral	
D130Q	-0.260	Neutral	
D130K	-0.451	Neutral	
D130R	-1.012	Neutral	
Q131L	-2.078	Neutral	
Q131F	-2.463	Neutral	
Q131C	-2.160	Neutral	
Q131A	0.304	Neutral	
Q131G	-1.242	Neutral	
Q131S	0.174	Neutral	
Q131Y	-2.175	Neutral	
Q131P	-1.077	Neutral	
Q131H	-1.429	Neutral	
Q131E	0.642	Neutral	
Q131K	-0.413	Neutral	
Q131R	-1.059	Neutral	
D132L	-1.143	Neutral	
D132F	-1.702	Neutral	
D132C	-1.979	Neutral	
D132A	-0.307	Neutral	
D132G	-1.556	Neutral	
D132S	-0.002	Neutral	
D132Y	-1.642	Neutral	
D132P	-1.503	Neutral	
D132H	-1.114	Neutral	
D132E	0.332	Neutral	
D132Q	-0.123	Neutral	
D132K	-0.518	Neutral	
D132R	-0.965	Neutral	
A133L	-3.884	Deleterious	
A133F	-4.730	Deleterious	
A133C	-3.412	Deleterious	
A133G	-3.500	Deleterious	
A133S	-2.267	Neutral	
A133Y	-4.863	Deleterious	
A133P	-4.201	Deleterious	
A133H	-4.938	Deleterious	
A133E	-3.885	Deleterious	
A133Q	-3.756	Deleterious	
A133K	-3.911	Deleterious	
A133R	-4.020	Deleterious	
I134L	0.068	Neutral	
I134F	-0.538	Neutral	
I134C	-0.783	Neutral	
I134A	1.709	Neutral	
I134G	-0.028	Neutral	
I134S	1.759	Neutral	
I134Y	-0.124	Neutral	
I134P	0.426	Neutral	
I134H	0.741	Neutral	
I134E	3.618	Neutral	
I134Q	2.495	Neutral	
I134K	1.606	Neutral	
I134R	1.050	Neutral	
A135L	-1.380	Neutral	
A135F	-2.046	Neutral	
A135C	-1.996	Neutral	
A135G	-1.350	Neutral	
A135S	0.368	Neutral	
A135Y	-1.163	Neutral	
A135P	-0.755	Neutral	
A135H	0.221	Neutral	
A135E	0.905	Neutral	
A135Q	1.170	Neutral	
A135K	0.850	Neutral	
A135R	0.812	Neutral	
V136L	0.444	Neutral	
V136F	-2.447	Neutral	
V136C	-3.200	Deleterious	
V136A	-2.885	Deleterious	
V136G	-5.769	Deleterious	
V136S	-4.022	Deleterious	
V136Y	-3.158	Deleterious	
V136P	-4.754	Deleterious	
V136H	-4.665	Deleterious	
V136E	-3.990	Deleterious	
V136Q	-3.963	Deleterious	
V136K	-4.122	Deleterious	
V136R	-4.448	Deleterious	
E137L	-0.160	Neutral	
E137F	-1.056	Neutral	
E137C	-0.910	Neutral	
E137A	0.860	Neutral	
E137G	-1.380	Neutral	
E137S	0.142	Neutral	
E137Y	-0.533	Neutral	
E137P	-1.013	Neutral	
E137H	-0.885	Neutral	
E137Q	0.173	Neutral	
E137K	-0.036	Neutral	
E137R	-0.660	Neutral	
A138L	-1.664	Neutral	
A138F	-2.826	Deleterious	
A138C	-2.382	Neutral	
A138G	-1.930	Neutral	
A138S	-0.343	Neutral	
A138Y	-2.059	Neutral	
A138P	-1.850	Neutral	
A138H	-1.552	Neutral	
A138E	-0.100	Neutral	
A138Q	0.514	Neutral	
A138K	-0.685	Neutral	
A138R	-0.802	Neutral	
A139L	-0.034	Neutral	
A139F	-1.404	Neutral	
A139C	-1.266	Neutral	
A139G	-1.632	Neutral	
A139S	0.129	Neutral	
A139Y	-1.179	Neutral	
A139P	-1.020	Neutral	
A139H	-0.891	Neutral	
A139E	0.763	Neutral	
A139Q	0.908	Neutral	
A139K	0.021	Neutral	
A139R	-0.349	Neutral	
C140L	-3.974	Deleterious	
C140F	-4.132	Deleterious	
C140A	-2.520	Deleterious	
C140G	-3.882	Deleterious	
C140S	-2.422	Neutral	
C140Y	-3.701	Deleterious	
C140P	-4.431	Deleterious	
C140H	-3.236	Deleterious	
C140E	-4.286	Deleterious	
C140Q	-3.767	Deleterious	
C140K	-3.901	Deleterious	
C140R	-3.902	Deleterious	
T141L	-1.729	Neutral	
T141F	-2.007	Neutral	
T141C	-1.299	Neutral	
T141A	1.214	Neutral	
T141G	1.004	Neutral	
T141S	1.099	Neutral	
T141Y	-1.778	Neutral	
T141P	0.192	Neutral	
T141H	-1.051	Neutral	
T141E	-0.128	Neutral	
T141Q	-0.039	Neutral	
T141K	-0.313	Neutral	
T141R	-0.477	Neutral	
N142L	-4.075	Deleterious	
N142F	-4.052	Deleterious	
N142C	-3.755	Deleterious	
N142A	-2.241	Neutral	
N142G	-1.864	Neutral	
N142S	-0.834	Neutral	
N142Y	-3.563	Deleterious	
N142P	-1.215	Neutral	
N142H	-1.896	Neutral	
N142E	-0.470	Neutral	
N142Q	-0.896	Neutral	
N142K	-1.484	Neutral	
N142R	-2.147	Neutral	
V143L	-0.568	Neutral	
V143F	-2.544	Deleterious	
V143C	-2.936	Deleterious	
V143A	-2.316	Neutral	
V143G	-4.721	Deleterious	
V143S	-2.900	Deleterious	
V143Y	-2.777	Deleterious	
V143P	-3.215	Deleterious	
V143H	-3.528	Deleterious	
V143E	-3.590	Deleterious	
V143Q	-3.338	Deleterious	
V143K	-3.259	Deleterious	
V143R	-3.414	Deleterious	
P144L	-4.690	Deleterious	
P144F	-5.756	Deleterious	
P144C	-5.538	Deleterious	
P144A	-3.905	Deleterious	
P144G	-5.049	Deleterious	
P144S	-3.848	Deleterious	
P144Y	-5.218	Deleterious	
P144H	-4.569	Deleterious	
P144E	-4.344	Deleterious	
P144Q	-4.125	Deleterious	
P144K	-4.269	Deleterious	
P144R	-4.812	Deleterious	
A145L	-0.212	Neutral	
A145F	-0.984	Neutral	
A145C	1.330	Neutral	
A145G	-2.445	Neutral	
A145S	-1.415	Neutral	
A145Y	-1.320	Neutral	
A145P	-2.600	Deleterious	
A145H	-2.766	Deleterious	
A145E	-2.698	Deleterious	
A145Q	-2.172	Neutral	
A145K	-2.377	Neutral	
A145R	-2.723	Deleterious	
L146F	-3.531	Deleterious	
L146C	-4.354	Deleterious	
L146A	-4.187	Deleterious	
L146G	-7.117	Deleterious	
L146S	-5.338	Deleterious	
L146Y	-4.354	Deleterious	
L146P	-6.127	Deleterious	
L146H	-6.294	Deleterious	
L146E	-6.161	Deleterious	
L146Q	-5.373	Deleterious	
L146K	-5.379	Deleterious	
L146R	-5.546	Deleterious	
F147L	-5.438	Deleterious	
F147C	-7.351	Deleterious	
F147A	-7.218	Deleterious	
F147G	-8.341	Deleterious	
F147S	-7.318	Deleterious	
F147Y	-2.802	Deleterious	
F147P	-9.264	Deleterious	
F147H	-6.528	Deleterious	
F147E	-8.341	Deleterious	
F147Q	-8.274	Deleterious	
F147K	-8.307	Deleterious	
F147R	-8.307	Deleterious	
L148F	-3.531	Deleterious	
L148C	-4.507	Deleterious	
L148A	-4.474	Deleterious	
L148G	-7.137	Deleterious	
L148S	-5.427	Deleterious	
L148Y	-4.493	Deleterious	
L148P	-6.420	Deleterious	
L148H	-6.445	Deleterious	
L148E	-6.383	Deleterious	
L148Q	-5.563	Deleterious	
L148K	-5.463	Deleterious	
L148R	-5.563	Deleterious	
D149L	-9.664	Deleterious	
D149F	-8.674	Deleterious	
D149C	-8.674	Deleterious	
D149A	-7.618	Deleterious	
D149G	-6.461	Deleterious	
D149S	-5.672	Deleterious	
D149Y	-8.674	Deleterious	
D149P	-6.728	Deleterious	
D149H	-6.728	Deleterious	
D149E	-3.859	Deleterious	
D149Q	-5.772	Deleterious	
D149K	-6.728	Deleterious	
D149R	-7.684	Deleterious	
V150L	-2.648	Deleterious	
V150F	-4.450	Deleterious	
V150C	-4.262	Deleterious	
V150A	-3.108	Deleterious	
V150G	-5.987	Deleterious	
V150S	-4.764	Deleterious	
V150Y	-4.450	Deleterious	
V150P	-5.152	Deleterious	
V150H	-6.109	Deleterious	
V150E	-5.119	Deleterious	
V150Q	-5.119	Deleterious	
V150K	-5.119	Deleterious	
V150R	-5.998	Deleterious	
S151L	-3.501	Deleterious	
S151F	-3.563	Deleterious	
S151C	-3.008	Deleterious	
S151A	-1.227	Neutral	
S151G	-1.409	Neutral	
S151Y	-3.260	Deleterious	
S151P	0.104	Neutral	
S151H	-2.095	Neutral	
S151E	-0.421	Neutral	
S151Q	-1.013	Neutral	
S151K	-1.480	Neutral	
S151R	-2.311	Neutral	
D152L	-2.913	Deleterious	
D152F	-3.511	Deleterious	
D152C	-2.926	Deleterious	
D152A	-0.941	Neutral	
D152G	-1.642	Neutral	
D152S	-0.677	Neutral	
D152Y	-2.785	Deleterious	
D152P	3.495	Neutral	
D152H	-1.724	Neutral	
D152E	-0.090	Neutral	
D152Q	-0.634	Neutral	
D152K	-0.718	Neutral	
D152R	-1.633	Neutral	
Q153L	-3.469	Deleterious	
Q153F	-3.097	Deleterious	
Q153C	-3.558	Deleterious	
Q153A	-1.831	Neutral	
Q153G	-2.113	Neutral	
Q153S	-0.975	Neutral	
Q153Y	-1.969	Neutral	
Q153P	-2.332	Neutral	
Q153H	-1.153	Neutral	
Q153E	-0.039	Neutral	
Q153K	-1.250	Neutral	
Q153R	-1.654	Neutral	
T154L	-2.909	Deleterious	
T154F	-3.530	Deleterious	
T154C	-2.311	Neutral	
T154A	0.041	Neutral	
T154G	-2.268	Neutral	
T154S	0.270	Neutral	
T154Y	-3.431	Deleterious	
T154P	-2.610	Deleterious	
T154H	-2.965	Deleterious	
T154E	-2.076	Neutral	
T154Q	-2.176	Neutral	
T154K	-2.209	Neutral	
T154R	-2.610	Deleterious	
P155L	-3.601	Deleterious	
P155F	-4.124	Deleterious	
P155C	-3.499	Deleterious	
P155A	-1.618	Neutral	
P155G	-2.549	Deleterious	
P155S	-1.098	Neutral	
P155Y	-3.588	Deleterious	
P155H	-2.377	Neutral	
P155E	-1.070	Neutral	
P155Q	-1.463	Neutral	
P155K	-1.992	Neutral	
P155R	-2.616	Deleterious	
I156L	-1.146	Neutral	
I156F	-3.125	Deleterious	
I156C	-3.208	Deleterious	
I156A	-2.168	Neutral	
I156G	-5.070	Deleterious	
I156S	-3.898	Deleterious	
I156Y	-3.246	Deleterious	
I156P	-4.358	Deleterious	
I156H	-5.088	Deleterious	
I156E	-4.347	Deleterious	
I156Q	-4.214	Deleterious	
I156K	-4.247	Deleterious	
I156R	-4.888	Deleterious	
N157L	-1.638	Neutral	
N157F	-0.650	Neutral	
N157C	-1.726	Neutral	
N157A	-1.294	Neutral	
N157G	-1.674	Neutral	
N157S	-0.447	Neutral	
N157Y	-0.853	Neutral	
N157P	-1.521	Neutral	
N157H	-1.051	Neutral	
N157E	-1.718	Neutral	
N157Q	-1.557	Neutral	
N157K	-1.592	Neutral	
N157R	-1.804	Neutral	
S158L	-3.718	Deleterious	
S158F	-3.717	Deleterious	
S158C	-3.273	Deleterious	
S158A	-1.777	Neutral	
S158G	-2.107	Neutral	
S158Y	-2.982	Deleterious	
S158P	-3.039	Deleterious	
S158H	-1.096	Neutral	
S158E	-1.683	Neutral	
S158Q	-1.349	Neutral	
S158K	-1.526	Neutral	
S158R	-1.680	Neutral	
I159L	-1.055	Neutral	
I159F	-3.300	Deleterious	
I159C	-2.937	Deleterious	
I159A	-2.950	Deleterious	
I159G	-5.957	Deleterious	
I159S	-4.461	Deleterious	
I159Y	-3.737	Deleterious	
I159P	-5.098	Deleterious	
I159H	-5.586	Deleterious	
I159E	-5.165	Deleterious	
I159Q	-4.914	Deleterious	
I159K	-4.916	Deleterious	
I159R	-5.370	Deleterious	
I160L	-0.178	Neutral	
I160F	-1.692	Neutral	
I160C	-0.975	Neutral	
I160A	-0.564	Neutral	
I160G	-2.331	Neutral	
I160S	-0.583	Neutral	
I160Y	-1.814	Neutral	
I160P	-2.311	Neutral	
I160H	-2.481	Neutral	
I160E	-1.911	Neutral	
I160Q	-1.322	Neutral	
I160K	-1.633	Neutral	
I160R	-1.967	Neutral	
F161L	-4.450	Deleterious	
F161C	-5.733	Deleterious	
F161A	-5.800	Deleterious	
F161G	-6.758	Deleterious	
F161S	-5.767	Deleterious	
F161Y	-1.942	Neutral	
F161P	-7.717	Deleterious	
F161H	-5.242	Deleterious	
F161E	-6.825	Deleterious	
F161Q	-6.792	Deleterious	
F161K	-6.892	Deleterious	
F161R	-6.956	Deleterious	
S162L	-3.771	Deleterious	
S162F	-3.392	Deleterious	
S162C	-3.213	Deleterious	
S162A	-1.999	Neutral	
S162G	-1.446	Neutral	
S162Y	-3.214	Deleterious	
S162P	-1.839	Neutral	
S162H	-1.410	Neutral	
S162E	0.320	Neutral	
S162Q	-0.709	Neutral	
S162K	-1.369	Neutral	
S162R	-2.087	Neutral	
H163L	-3.469	Deleterious	
H163F	-3.444	Deleterious	
H163C	-3.359	Deleterious	
H163A	-1.393	Neutral	
H163G	-2.555	Deleterious	
H163S	-1.366	Neutral	
H163Y	-1.973	Neutral	
H163P	0.827	Neutral	
H163E	-1.503	Neutral	
H163Q	-1.270	Neutral	
H163K	-1.831	Neutral	
H163R	-1.977	Neutral	
E164L	-2.547	Deleterious	
E164F	-2.581	Deleterious	
E164C	-2.755	Deleterious	
E164A	-0.687	Neutral	
E164G	-1.571	Neutral	
E164S	-0.650	Neutral	
E164Y	-1.902	Neutral	
E164P	-2.058	Neutral	
E164H	-0.884	Neutral	
E164Q	-0.263	Neutral	
E164K	-0.200	Neutral	
E164R	-0.217	Neutral	
D165L	-3.737	Deleterious	
D165F	-3.911	Deleterious	
D165C	-3.722	Deleterious	
D165A	-2.451	Neutral	
D165G	-3.050	Deleterious	
D165S	-1.294	Neutral	
D165Y	-3.050	Deleterious	
D165P	-2.672	Deleterious	
D165H	-1.576	Neutral	
D165E	-0.019	Neutral	
D165Q	-0.083	Neutral	
D165K	-1.615	Neutral	
D165R	-2.021	Neutral	
G166L	-9.917	Deleterious	
G166F	-8.925	Deleterious	
G166C	-8.858	Deleterious	
G166A	-5.950	Deleterious	
G166S	-5.950	Deleterious	
G166Y	-8.925	Deleterious	
G166P	-7.933	Deleterious	
G166H	-7.933	Deleterious	
G166E	-7.933	Deleterious	
G166Q	-7.933	Deleterious	
G166K	-7.933	Deleterious	
G166R	-7.933	Deleterious	
T167L	-2.084	Neutral	
T167F	-2.976	Deleterious	
T167C	-0.391	Neutral	
T167A	1.480	Neutral	
T167G	-1.690	Neutral	
T167S	0.099	Neutral	
T167Y	-2.976	Deleterious	
T167P	-2.184	Neutral	
T167H	-2.976	Deleterious	
T167E	-2.184	Neutral	
T167Q	-2.084	Neutral	
T167K	-2.084	Neutral	
T167R	-2.184	Neutral	
R168L	-4.423	Deleterious	
R168F	-5.004	Deleterious	
R168C	-5.068	Deleterious	
R168A	-3.070	Deleterious	
R168G	-3.906	Deleterious	
R168S	-2.860	Deleterious	
R168Y	-4.041	Deleterious	
R168P	-4.129	Deleterious	
R168H	-2.486	Neutral	
R168E	-2.241	Neutral	
R168Q	-1.645	Neutral	
R168K	-1.255	Neutral	
L169F	-2.267	Neutral	
L169C	-2.246	Neutral	
L169A	-0.733	Neutral	
L169G	-3.310	Deleterious	
L169S	-1.483	Neutral	
L169Y	-2.204	Neutral	
L169P	-2.831	Deleterious	
L169H	-2.811	Deleterious	
L169E	-2.001	Neutral	
L169Q	-0.845	Neutral	
L169K	-1.686	Neutral	
L169R	-1.819	Neutral	
G170L	-3.567	Deleterious	
G170F	-3.753	Deleterious	
G170C	-2.175	Neutral	
G170A	-0.061	Neutral	
G170S	-0.478	Neutral	
G170Y	-3.753	Deleterious	
G170P	-3.028	Deleterious	
G170H	-3.400	Deleterious	
G170E	-2.861	Deleterious	
G170Q	-2.794	Deleterious	
G170K	-2.794	Deleterious	
G170R	-3.094	Deleterious	
V171L	-2.168	Neutral	
V171F	-4.101	Deleterious	
V171C	-4.121	Deleterious	
V171A	-3.098	Deleterious	
V171G	-6.123	Deleterious	
V171S	-4.845	Deleterious	
V171Y	-4.320	Deleterious	
V171P	-5.298	Deleterious	
V171H	-6.069	Deleterious	
V171E	-5.297	Deleterious	
V171Q	-5.264	Deleterious	
V171K	-5.263	Deleterious	
V171R	-5.918	Deleterious	
E172L	-5.235	Deleterious	
E172F	-5.461	Deleterious	
E172C	-5.784	Deleterious	
E172A	-3.510	Deleterious	
E172G	-4.147	Deleterious	
E172S	-2.285	Neutral	
E172Y	-4.590	Deleterious	
E172P	-3.773	Deleterious	
E172H	-2.833	Deleterious	
E172Q	-1.201	Neutral	
E172K	-1.484	Neutral	
E172R	-2.089	Neutral	
H173L	-8.175	Deleterious	
H173F	-6.271	Deleterious	
H173C	-8.735	Deleterious	
H173A	-7.979	Deleterious	
H173G	-8.364	Deleterious	
H173S	-7.298	Deleterious	
H173Y	-3.610	Deleterious	
H173P	-8.314	Deleterious	
H173E	-6.642	Deleterious	
H173Q	-6.431	Deleterious	
H173K	-7.323	Deleterious	
H173R	-6.567	Deleterious	
L174F	-3.822	Deleterious	
L174C	-4.777	Deleterious	
L174A	-4.741	Deleterious	
L174G	-7.683	Deleterious	
L174S	-5.736	Deleterious	
L174Y	-4.777	Deleterious	
L174P	-6.691	Deleterious	
L174H	-6.727	Deleterious	
L174E	-6.691	Deleterious	
L174Q	-5.705	Deleterious	
L174K	-5.739	Deleterious	
L174R	-5.775	Deleterious	
V175L	0.237	Neutral	
V175F	-1.200	Neutral	
V175C	-2.436	Neutral	
V175A	-2.075	Neutral	
V175G	-4.387	Deleterious	
V175S	-3.152	Deleterious	
V175Y	-1.044	Neutral	
V175P	-3.904	Deleterious	
V175H	-3.186	Deleterious	
V175E	-3.637	Deleterious	
V175Q	-3.075	Deleterious	
V175K	-3.308	Deleterious	
V175R	-3.552	Deleterious	
A176L	-2.882	Deleterious	
A176F	-3.151	Deleterious	
A176C	-2.579	Deleterious	
A176G	-1.573	Neutral	
A176S	0.357	Neutral	
A176Y	-2.773	Deleterious	
A176P	-1.763	Neutral	
A176H	-1.666	Neutral	
A176E	0.468	Neutral	
A176Q	-0.415	Neutral	
A176K	-0.936	Neutral	
A176R	-1.471	Neutral	
L177F	-2.616	Deleterious	
L177C	-3.509	Deleterious	
L177A	-2.922	Deleterious	
L177G	-4.981	Deleterious	
L177S	-3.423	Deleterious	
L177Y	-2.823	Deleterious	
L177P	-4.472	Deleterious	
L177H	-3.514	Deleterious	
L177E	-3.832	Deleterious	
L177Q	-2.701	Deleterious	
L177K	-3.207	Deleterious	
L177R	-2.939	Deleterious	
G178L	-8.883	Deleterious	
G178F	-8.058	Deleterious	
G178C	-7.725	Deleterious	
G178A	-5.183	Deleterious	
G178S	-5.150	Deleterious	
G178Y	-7.992	Deleterious	
G178P	-7.067	Deleterious	
G178H	-7.033	Deleterious	
G178E	-6.833	Deleterious	
G178Q	-6.900	Deleterious	
G178K	-6.800	Deleterious	
G178R	-6.933	Deleterious	
H179L	-10.308	Deleterious	
H179F	-8.525	Deleterious	
H179C	-10.375	Deleterious	
H179A	-9.317	Deleterious	
H179G	-9.383	Deleterious	
H179S	-8.392	Deleterious	
H179Y	-5.683	Deleterious	
H179P	-9.383	Deleterious	
H179E	-7.400	Deleterious	
H179Q	-7.333	Deleterious	
H179K	-8.192	Deleterious	
H179R	-7.067	Deleterious	
Q180L	-4.609	Deleterious	
Q180F	-5.467	Deleterious	
Q180C	-5.562	Deleterious	
Q180A	-3.578	Deleterious	
Q180G	-4.548	Deleterious	
Q180S	-3.073	Deleterious	
Q180Y	-4.020	Deleterious	
Q180P	-4.076	Deleterious	
Q180H	-2.342	Neutral	
Q180E	-1.564	Neutral	
Q180K	-1.025	Neutral	
Q180R	0.340	Neutral	
Q181L	-4.011	Deleterious	
Q181F	-4.018	Deleterious	
Q181C	-4.538	Deleterious	
Q181A	-2.683	Deleterious	
Q181G	-3.260	Deleterious	
Q181S	-1.852	Neutral	
Q181Y	-2.543	Deleterious	
Q181P	-2.996	Deleterious	
Q181H	0.051	Neutral	
Q181E	-0.186	Neutral	
Q181K	-0.739	Neutral	
Q181R	-0.052	Neutral	
I182L	-1.231	Neutral	
I182F	-0.882	Neutral	
I182C	-3.893	Deleterious	
I182A	-3.856	Deleterious	
I182G	-6.218	Deleterious	
I182S	-4.567	Deleterious	
I182Y	-2.222	Neutral	
I182P	-5.807	Deleterious	
I182H	-4.853	Deleterious	
I182E	-5.482	Deleterious	
I182Q	-5.432	Deleterious	
I182K	-5.465	Deleterious	
I182R	-5.499	Deleterious	
A183L	-3.895	Deleterious	
A183F	-4.576	Deleterious	
A183C	-2.981	Deleterious	
A183G	-1.497	Neutral	
A183S	-2.075	Neutral	
A183Y	-4.609	Deleterious	
A183P	-3.903	Deleterious	
A183H	-4.592	Deleterious	
A183E	-3.937	Deleterious	
A183Q	-3.870	Deleterious	
A183K	-3.870	Deleterious	
A183R	-3.928	Deleterious	
L184F	-2.677	Deleterious	
L184C	-3.786	Deleterious	
L184A	-3.909	Deleterious	
L184G	-6.558	Deleterious	
L184S	-4.733	Deleterious	
L184Y	-3.541	Deleterious	
L184P	-5.787	Deleterious	
L184H	-5.237	Deleterious	
L184E	-5.478	Deleterious	
L184Q	-4.775	Deleterious	
L184K	-4.842	Deleterious	
L184R	-4.886	Deleterious	
L185F	-3.556	Deleterious	
L185C	-4.544	Deleterious	
L185A	-4.544	Deleterious	
L185G	-7.511	Deleterious	
L185S	-5.533	Deleterious	
L185Y	-4.544	Deleterious	
L185P	-6.522	Deleterious	
L185H	-6.522	Deleterious	
L185E	-6.522	Deleterious	
L185Q	-5.733	Deleterious	
L185K	-5.733	Deleterious	
L185R	-5.733	Deleterious	
A186L	-3.376	Deleterious	
A186F	-3.966	Deleterious	
A186C	-2.532	Deleterious	
A186G	-1.856	Neutral	
A186S	-0.406	Neutral	
A186Y	-3.832	Deleterious	
A186P	-3.010	Deleterious	
A186H	-3.232	Deleterious	
A186E	-2.592	Deleterious	
A186Q	-2.577	Deleterious	
A186K	-2.577	Deleterious	
A186R	-2.743	Deleterious	
G187L	-9.861	Deleterious	
G187F	-8.875	Deleterious	
G187C	-8.875	Deleterious	
G187A	-5.917	Deleterious	
G187S	-5.917	Deleterious	
G187Y	-8.875	Deleterious	
G187P	-7.889	Deleterious	
G187H	-7.889	Deleterious	
G187E	-7.889	Deleterious	
G187Q	-7.889	Deleterious	
G187K	-7.889	Deleterious	
G187R	-7.889	Deleterious	
P188L	-9.861	Deleterious	
P188F	-10.847	Deleterious	
P188C	-9.861	Deleterious	
P188A	-7.889	Deleterious	
P188G	-8.875	Deleterious	
P188S	-7.889	Deleterious	
P188Y	-9.861	Deleterious	
P188H	-8.875	Deleterious	
P188E	-7.889	Deleterious	
P188Q	-7.889	Deleterious	
P188K	-7.889	Deleterious	
P188R	-8.875	Deleterious	
L189F	-1.282	Neutral	
L189C	-1.729	Neutral	
L189A	0.201	Neutral	
L189G	-1.482	Neutral	
L189S	0.377	Neutral	
L189Y	-0.669	Neutral	
L189P	-0.680	Neutral	
L189H	-0.084	Neutral	
L189E	2.111	Neutral	
L189Q	1.955	Neutral	
L189K	1.278	Neutral	
L189R	0.621	Neutral	
S190L	-3.867	Deleterious	
S190F	-3.884	Deleterious	
S190C	-3.439	Deleterious	
S190A	-1.535	Neutral	
S190G	-1.942	Neutral	
S190Y	-3.538	Deleterious	
S190P	-2.864	Deleterious	
S190H	-2.191	Neutral	
S190E	-1.315	Neutral	
S190Q	-1.534	Neutral	
S190K	-1.914	Neutral	
S190R	-2.353	Neutral	
S191L	-4.994	Deleterious	
S191F	-4.908	Deleterious	
S191C	-4.078	Deleterious	
S191A	-2.087	Neutral	
S191G	-3.276	Deleterious	
S191Y	-4.842	Deleterious	
S191P	-4.322	Deleterious	
S191H	-4.303	Deleterious	
S191E	-3.450	Deleterious	
S191Q	-3.383	Deleterious	
S191K	-3.450	Deleterious	
S191R	-4.256	Deleterious	
V192L	-1.981	Neutral	
V192F	-3.543	Deleterious	
V192C	-3.901	Deleterious	
V192A	-3.196	Deleterious	
V192G	-5.831	Deleterious	
V192S	-4.467	Deleterious	
V192Y	-3.688	Deleterious	
V192P	-5.065	Deleterious	
V192H	-5.273	Deleterious	
V192E	-4.932	Deleterious	
V192Q	-4.899	Deleterious	
V192K	-4.965	Deleterious	
V192R	-5.530	Deleterious	
S193L	-4.983	Deleterious	
S193F	-5.117	Deleterious	
S193C	-4.031	Deleterious	
S193A	-1.792	Neutral	
S193G	-3.144	Deleterious	
S193Y	-5.083	Deleterious	
S193P	-3.731	Deleterious	
S193H	-4.197	Deleterious	
S193E	-3.078	Deleterious	
S193Q	-3.211	Deleterious	
S193K	-3.278	Deleterious	
S193R	-4.097	Deleterious	
A194L	-4.586	Deleterious	
A194F	-5.399	Deleterious	
A194C	-3.599	Deleterious	
A194G	-3.427	Deleterious	
A194S	-1.923	Neutral	
A194Y	-5.399	Deleterious	
A194P	-4.413	Deleterious	
A194H	-5.227	Deleterious	
A194E	-4.241	Deleterious	
A194Q	-4.241	Deleterious	
A194K	-4.241	Deleterious	
A194R	-4.413	Deleterious	
R195L	-5.295	Deleterious	
R195F	-6.087	Deleterious	
R195C	-6.070	Deleterious	
R195A	-4.076	Deleterious	
R195G	-4.945	Deleterious	
R195S	-4.106	Deleterious	
R195Y	-5.146	Deleterious	
R195P	-5.215	Deleterious	
R195H	-3.716	Deleterious	
R195E	-3.421	Deleterious	
R195Q	-2.402	Neutral	
R195K	-1.922	Neutral	
L196F	-2.988	Deleterious	
L196C	-3.329	Deleterious	
L196A	-2.453	Neutral	
L196G	-5.357	Deleterious	
L196S	-3.492	Deleterious	
L196Y	-3.597	Deleterious	
L196P	-4.785	Deleterious	
L196H	-4.903	Deleterious	
L196E	-4.583	Deleterious	
L196Q	-3.659	Deleterious	
L196K	-3.934	Deleterious	
L196R	-3.967	Deleterious	
R197L	-6.903	Deleterious	
R197F	-7.889	Deleterious	
R197C	-7.889	Deleterious	
R197A	-5.917	Deleterious	
R197G	-6.903	Deleterious	
R197S	-5.917	Deleterious	
R197Y	-6.903	Deleterious	
R197P	-6.903	Deleterious	
R197H	-4.931	Deleterious	
R197E	-4.931	Deleterious	
R197Q	-3.944	Deleterious	
R197K	-2.958	Deleterious	
L198F	-0.858	Neutral	
L198C	-2.614	Deleterious	
L198A	-2.703	Deleterious	
L198G	-4.740	Deleterious	
L198S	-3.124	Deleterious	
L198Y	-0.310	Neutral	
L198P	-4.187	Deleterious	
L198H	-1.993	Neutral	
L198E	-3.563	Deleterious	
L198Q	-2.873	Deleterious	
L198K	-3.072	Deleterious	
L198R	-3.089	Deleterious	
A199L	-2.224	Neutral	
A199F	-2.711	Deleterious	
A199C	-2.529	Deleterious	
A199G	-1.382	Neutral	
A199S	0.364	Neutral	
A199Y	-1.779	Neutral	
A199P	-1.228	Neutral	
A199H	-0.464	Neutral	
A199E	1.434	Neutral	
A199Q	1.191	Neutral	
A199K	0.614	Neutral	
A199R	-0.022	Neutral	
G200L	-4.907	Deleterious	
G200F	-4.731	Deleterious	
G200C	-3.653	Deleterious	
G200A	-1.914	Neutral	
G200S	-1.710	Neutral	
G200Y	-4.725	Deleterious	
G200P	-3.959	Deleterious	
G200H	-4.109	Deleterious	
G200E	-3.584	Deleterious	
G200Q	-3.685	Deleterious	
G200K	-3.753	Deleterious	
G200R	-3.958	Deleterious	
W201L	-12.792	Deleterious	
W201F	-9.917	Deleterious	
W201C	-12.792	Deleterious	
W201A	-13.750	Deleterious	
W201G	-12.792	Deleterious	
W201S	-13.750	Deleterious	
W201Y	-8.925	Deleterious	
W201P	-14.708	Deleterious	
W201H	-12.792	Deleterious	
W201E	-13.750	Deleterious	
W201Q	-12.792	Deleterious	
W201K	-13.750	Deleterious	
W201R	-13.717	Deleterious	
H202L	0.787	Neutral	
H202F	-1.068	Neutral	
H202C	-1.614	Neutral	
H202A	-0.397	Neutral	
H202G	-2.072	Neutral	
H202S	-0.440	Neutral	
H202Y	-0.509	Neutral	
H202P	-1.440	Neutral	
H202E	0.184	Neutral	
H202Q	1.276	Neutral	
H202K	0.725	Neutral	
H202R	1.564	Neutral	
K203L	-3.315	Deleterious	
K203F	-3.567	Deleterious	
K203C	-3.555	Deleterious	
K203A	-1.465	Neutral	
K203G	-1.972	Neutral	
K203S	-0.500	Neutral	
K203Y	-2.800	Deleterious	
K203P	-1.895	Neutral	
K203H	-1.364	Neutral	
K203E	0.949	Neutral	
K203Q	0.450	Neutral	
K203R	-0.612	Neutral	
Y204L	0.010	Neutral	
Y204F	-0.478	Neutral	
Y204C	-0.033	Neutral	
Y204A	1.993	Neutral	
Y204G	0.144	Neutral	
Y204S	1.489	Neutral	
Y204P	-0.094	Neutral	
Y204H	-0.075	Neutral	
Y204E	0.542	Neutral	
Y204Q	0.506	Neutral	
Y204K	0.214	Neutral	
Y204R	0.081	Neutral	
L205F	-3.799	Deleterious	
L205C	-4.757	Deleterious	
L205A	-4.756	Deleterious	
L205G	-7.368	Deleterious	
L205S	-5.713	Deleterious	
L205Y	-4.757	Deleterious	
L205P	-6.673	Deleterious	
L205H	-6.620	Deleterious	
L205E	-6.548	Deleterious	
L205Q	-5.781	Deleterious	
L205K	-5.748	Deleterious	
L205R	-5.781	Deleterious	
T206L	-1.495	Neutral	
T206F	-1.937	Neutral	
T206C	-1.445	Neutral	
T206A	0.929	Neutral	
T206G	-1.152	Neutral	
T206S	0.372	Neutral	
T206Y	-1.186	Neutral	
T206P	-1.265	Neutral	
T206H	-0.305	Neutral	
T206E	0.017	Neutral	
T206Q	0.046	Neutral	
T206K	-0.162	Neutral	
T206R	-0.307	Neutral	
R207L	-2.557	Deleterious	
R207F	-3.030	Deleterious	
R207C	-3.048	Deleterious	
R207A	-0.928	Neutral	
R207G	-1.825	Neutral	
R207S	-0.071	Neutral	
R207Y	-2.133	Neutral	
R207P	-1.694	Neutral	
R207H	-0.635	Neutral	
R207E	1.100	Neutral	
R207Q	0.874	Neutral	
R207K	0.387	Neutral	
N208L	-1.555	Neutral	
N208F	-1.546	Neutral	
N208C	-1.703	Neutral	
N208A	-0.299	Neutral	
N208G	-1.626	Neutral	
N208S	-0.268	Neutral	
N208Y	-0.291	Neutral	
N208P	-1.865	Neutral	
N208H	1.175	Neutral	
N208E	-0.455	Neutral	
N208Q	-0.176	Neutral	
N208K	-0.649	Neutral	
N208R	-0.522	Neutral	
Q209L	-3.706	Deleterious	
Q209F	-3.812	Deleterious	
Q209C	-3.650	Deleterious	
Q209A	-1.345	Neutral	
Q209G	0.532	Neutral	
Q209S	-0.814	Neutral	
Q209Y	-2.973	Deleterious	
Q209P	-2.441	Neutral	
Q209H	-1.929	Neutral	
Q209E	-1.034	Neutral	
Q209K	-1.055	Neutral	
Q209R	-1.158	Neutral	
I210L	0.704	Neutral	
I210F	-2.202	Neutral	
I210C	-2.646	Deleterious	
I210A	-2.698	Deleterious	
I210G	-5.012	Deleterious	
I210S	-3.435	Deleterious	
I210Y	-2.864	Deleterious	
I210P	-4.518	Deleterious	
I210H	-4.425	Deleterious	
I210E	-4.290	Deleterious	
I210Q	-3.549	Deleterious	
I210K	-3.797	Deleterious	
I210R	-3.829	Deleterious	
Q211L	-1.668	Neutral	
Q211F	-2.304	Neutral	
Q211C	-1.772	Neutral	
Q211A	-0.054	Neutral	
Q211G	-1.715	Neutral	
Q211S	0.655	Neutral	
Q211Y	-1.757	Neutral	
Q211P	-1.329	Neutral	
Q211H	-0.772	Neutral	
Q211E	-0.208	Neutral	
Q211K	-0.408	Neutral	
Q211R	-0.706	Neutral	
P212L	-6.584	Deleterious	
P212F	-7.514	Deleterious	
P212C	-6.679	Deleterious	
P212A	-4.893	Deleterious	
P212G	-5.735	Deleterious	
P212S	-4.895	Deleterious	
P212Y	-6.760	Deleterious	
P212H	-5.900	Deleterious	
P212E	-4.748	Deleterious	
P212Q	-4.652	Deleterious	
P212K	-4.850	Deleterious	
P212R	-5.630	Deleterious	
I213L	-0.440	Neutral	
I213F	-1.235	Neutral	
I213C	1.019	Neutral	
I213A	0.431	Neutral	
I213G	-1.942	Neutral	
I213S	-0.538	Neutral	
I213Y	-1.275	Neutral	
I213P	-2.093	Neutral	
I213H	-1.817	Neutral	
I213E	-1.817	Neutral	
I213Q	-1.565	Neutral	
I213K	-1.780	Neutral	
I213R	-1.982	Neutral	
A214L	-2.649	Deleterious	
A214F	-3.602	Deleterious	
A214C	-2.168	Neutral	
A214G	-2.356	Neutral	
A214S	-1.116	Neutral	
A214Y	-3.554	Deleterious	
A214P	-3.088	Deleterious	
A214H	-3.425	Deleterious	
A214E	-2.669	Deleterious	
A214Q	-2.641	Deleterious	
A214K	-2.610	Deleterious	
A214R	-2.611	Deleterious	
E215L	0.799	Neutral	
E215F	-0.183	Neutral	
E215C	-0.365	Neutral	
E215A	0.420	Neutral	
E215G	-1.626	Neutral	
E215S	0.210	Neutral	
E215Y	-0.158	Neutral	
E215P	-1.010	Neutral	
E215H	-0.900	Neutral	
E215Q	0.017	Neutral	
E215K	-0.400	Neutral	
E215R	-0.920	Neutral	
R216L	1.737	Neutral	
R216F	0.663	Neutral	
R216C	-0.087	Neutral	
R216A	1.318	Neutral	
R216G	-1.162	Neutral	
R216S	0.373	Neutral	
R216Y	0.684	Neutral	
R216P	-0.821	Neutral	
R216H	-0.209	Neutral	
R216E	0.073	Neutral	
R216Q	0.434	Neutral	
R216K	0.051	Neutral	
E217L	-2.860	Deleterious	
E217F	-1.071	Neutral	
E217C	-3.699	Deleterious	
E217A	-2.329	Neutral	
E217G	-3.183	Deleterious	
E217S	-1.763	Neutral	
E217Y	0.287	Neutral	
E217P	-2.891	Deleterious	
E217H	1.076	Neutral	
E217Q	-0.738	Neutral	
E217K	-1.429	Neutral	
E217R	-1.356	Neutral	
G218L	-9.775	Deleterious	
G218F	-8.812	Deleterious	
G218C	-8.812	Deleterious	
G218A	-5.821	Deleterious	
G218S	-5.862	Deleterious	
G218Y	-8.749	Deleterious	
G218P	-7.829	Deleterious	
G218H	-7.817	Deleterious	
G218E	-7.812	Deleterious	
G218Q	-7.804	Deleterious	
G218K	-7.796	Deleterious	
G218R	-7.775	Deleterious	
D219L	-8.674	Deleterious	
D219F	-7.883	Deleterious	
D219C	-7.877	Deleterious	
D219A	-6.788	Deleterious	
D219G	-5.796	Deleterious	
D219S	-4.665	Deleterious	
D219Y	-7.719	Deleterious	
D219P	-6.069	Deleterious	
D219H	-5.639	Deleterious	
D219E	-3.209	Deleterious	
D219Q	-4.883	Deleterious	
D219K	-5.705	Deleterious	
D219R	-6.564	Deleterious	
W220L	-12.892	Deleterious	
W220F	-9.917	Deleterious	
W220C	-12.892	Deleterious	
W220A	-13.883	Deleterious	
W220G	-12.892	Deleterious	
W220S	-13.883	Deleterious	
W220Y	-8.925	Deleterious	
W220P	-14.875	Deleterious	
W220H	-12.892	Deleterious	
W220E	-13.883	Deleterious	
W220Q	-12.892	Deleterious	
W220K	-13.883	Deleterious	
W220R	-13.883	Deleterious	
S221L	-5.080	Deleterious	
S221F	-5.074	Deleterious	
S221C	-4.301	Deleterious	
S221A	-2.469	Neutral	
S221G	-3.045	Deleterious	
S221Y	-4.962	Deleterious	
S221P	-3.943	Deleterious	
S221H	-3.873	Deleterious	
S221E	-2.727	Deleterious	
S221Q	-2.806	Deleterious	
S221K	-3.012	Deleterious	
S221R	-3.725	Deleterious	
A222L	-4.692	Deleterious	
A222F	-5.550	Deleterious	
A222C	-3.700	Deleterious	
A222G	-3.567	Deleterious	
A222S	-2.175	Neutral	
A222Y	-5.550	Deleterious	
A222P	-4.558	Deleterious	
A222H	-5.417	Deleterious	
A222E	-4.425	Deleterious	
A222Q	-4.425	Deleterious	
A222K	-4.425	Deleterious	
A222R	-4.558	Deleterious	
M223L	-0.983	Neutral	
M223F	-1.781	Neutral	
M223C	-1.509	Neutral	
M223A	0.737	Neutral	
M223G	-0.703	Neutral	
M223S	0.797	Neutral	
M223Y	-1.292	Neutral	
M223P	-0.802	Neutral	
M223H	-0.600	Neutral	
M223E	1.072	Neutral	
M223Q	1.357	Neutral	
M223K	0.605	Neutral	
M223R	0.143	Neutral	
S224L	-5.478	Deleterious	
S224F	-5.478	Deleterious	
S224C	-4.161	Deleterious	
S224A	-2.514	Deleterious	
S224G	-3.369	Deleterious	
S224Y	-5.478	Deleterious	
S224P	-4.525	Deleterious	
S224H	-4.556	Deleterious	
S224E	-3.603	Deleterious	
S224Q	-3.633	Deleterious	
S224K	-3.667	Deleterious	
S224R	-4.558	Deleterious	
G225L	-9.614	Deleterious	
G225F	-8.690	Deleterious	
G225C	-8.623	Deleterious	
G225A	-5.615	Deleterious	
G225S	-5.714	Deleterious	
G225Y	-8.690	Deleterious	
G225P	-7.698	Deleterious	
G225H	-7.731	Deleterious	
G225E	-7.698	Deleterious	
G225Q	-7.698	Deleterious	
G225K	-7.698	Deleterious	
G225R	-7.698	Deleterious	
F226L	-4.089	Deleterious	
F226C	-5.075	Deleterious	
F226A	-5.208	Deleterious	
F226G	-5.933	Deleterious	
F226S	-5.208	Deleterious	
F226Y	2.672	Neutral	
F226P	-6.328	Deleterious	
F226H	-2.025	Neutral	
F226E	-5.336	Deleterious	
F226Q	-4.472	Deleterious	
F226K	-5.336	Deleterious	
F226R	-5.336	Deleterious	
Q227L	-3.344	Deleterious	
Q227F	-4.038	Deleterious	
Q227C	-4.284	Deleterious	
Q227A	-2.498	Neutral	
Q227G	-3.628	Deleterious	
Q227S	-1.919	Neutral	
Q227Y	-2.788	Deleterious	
Q227P	-3.288	Deleterious	
Q227H	-1.787	Neutral	
Q227E	-1.023	Neutral	
Q227K	-1.448	Neutral	
Q227R	-1.111	Neutral	
Q228L	-2.419	Neutral	
Q228F	-3.293	Deleterious	
Q228C	-1.330	Neutral	
Q228A	-0.542	Neutral	
Q228G	-2.029	Neutral	
Q228S	-0.739	Neutral	
Q228Y	-2.540	Deleterious	
Q228P	-2.212	Neutral	
Q228H	-2.082	Neutral	
Q228E	-0.767	Neutral	
Q228K	-0.322	Neutral	
Q228R	-0.998	Neutral	
T229L	-2.761	Deleterious	
T229F	-3.858	Deleterious	
T229C	-2.950	Deleterious	
T229A	-1.122	Neutral	
T229G	-3.274	Deleterious	
T229S	-1.729	Neutral	
T229Y	-3.939	Deleterious	
T229P	-3.387	Deleterious	
T229H	-4.232	Deleterious	
T229E	-3.387	Deleterious	
T229Q	-3.282	Deleterious	
T229K	-3.326	Deleterious	
T229R	-3.445	Deleterious	
M230L	0.177	Neutral	
M230F	-1.536	Neutral	
M230C	-2.574	Deleterious	
M230A	-1.854	Neutral	
M230G	-3.754	Deleterious	
M230S	-1.989	Neutral	
M230Y	-1.497	Neutral	
M230P	-2.837	Deleterious	
M230H	-1.515	Neutral	
M230E	-2.185	Neutral	
M230Q	-1.428	Neutral	
M230K	-1.732	Neutral	
M230R	-1.612	Neutral	
Q231L	-2.926	Deleterious	
Q231F	-3.735	Deleterious	
Q231C	-3.688	Deleterious	
Q231A	-1.662	Neutral	
Q231G	-3.206	Deleterious	
Q231S	-1.071	Neutral	
Q231Y	-3.090	Deleterious	
Q231P	-2.789	Deleterious	
Q231H	-2.419	Neutral	
Q231E	-0.740	Neutral	
Q231K	-1.081	Neutral	
Q231R	-1.632	Neutral	
M232L	0.543	Neutral	
M232F	-2.546	Deleterious	
M232C	-3.306	Deleterious	
M232A	-2.983	Deleterious	
M232G	-5.735	Deleterious	
M232S	-3.819	Deleterious	
M232Y	-3.383	Deleterious	
M232P	-4.880	Deleterious	
M232H	-4.830	Deleterious	
M232E	-4.759	Deleterious	
M232Q	-3.626	Deleterious	
M232K	-3.893	Deleterious	
M232R	-3.827	Deleterious	
L233F	-2.721	Deleterious	
L233C	-4.268	Deleterious	
L233A	-4.086	Deleterious	
L233G	-6.844	Deleterious	
L233S	-5.056	Deleterious	
L233Y	-3.835	Deleterious	
L233P	-5.899	Deleterious	
L233H	-5.886	Deleterious	
L233E	-6.022	Deleterious	
L233Q	-5.235	Deleterious	
L233K	-5.256	Deleterious	
L233R	-5.307	Deleterious	
N234L	-2.165	Neutral	
N234F	-2.810	Deleterious	
N234C	-2.455	Neutral	
N234A	-0.345	Neutral	
N234G	-0.913	Neutral	
N234S	-0.106	Neutral	
N234Y	-2.304	Neutral	
N234P	-1.836	Neutral	
N234H	-0.933	Neutral	
N234E	-0.969	Neutral	
N234Q	-0.503	Neutral	
N234K	-0.403	Neutral	
N234R	0.264	Neutral	
E235L	-3.261	Deleterious	
E235F	-3.361	Deleterious	
E235C	-3.569	Deleterious	
E235A	-1.659	Neutral	
E235G	-1.989	Neutral	
E235S	-0.667	Neutral	
E235Y	-2.867	Deleterious	
E235P	-1.882	Neutral	
E235H	-1.529	Neutral	
E235Q	-0.515	Neutral	
E235K	-0.985	Neutral	
E235R	-1.495	Neutral	
G236L	-2.927	Deleterious	
G236F	-3.088	Deleterious	
G236C	-2.597	Deleterious	
G236A	-0.402	Neutral	
G236S	0.146	Neutral	
G236Y	-2.523	Deleterious	
G236P	-0.656	Neutral	
G236H	-1.184	Neutral	
G236E	-1.073	Neutral	
G236Q	-0.868	Neutral	
G236K	-0.931	Neutral	
G236R	-1.063	Neutral	
I237L	0.042	Neutral	
I237F	-1.242	Neutral	
I237C	-1.004	Neutral	
I237A	0.718	Neutral	
I237G	-0.998	Neutral	
I237S	0.478	Neutral	
I237Y	-0.675	Neutral	
I237P	2.330	Neutral	
I237H	-0.172	Neutral	
I237E	0.450	Neutral	
I237Q	0.640	Neutral	
I237K	0.461	Neutral	
I237R	0.224	Neutral	
V238L	-0.005	Neutral	
V238F	-0.959	Neutral	
V238C	-0.972	Neutral	
V238A	0.387	Neutral	
V238G	-0.509	Neutral	
V238S	0.971	Neutral	
V238Y	-0.401	Neutral	
V238P	0.276	Neutral	
V238H	0.629	Neutral	
V238E	1.620	Neutral	
V238Q	1.867	Neutral	
V238K	1.788	Neutral	
V238R	1.855	Neutral	
P239L	-1.654	Neutral	
P239F	-0.774	Neutral	
P239C	-2.953	Deleterious	
P239A	-2.044	Neutral	
P239G	-3.533	Deleterious	
P239S	-2.390	Neutral	
P239Y	-1.520	Neutral	
P239H	-2.781	Deleterious	
P239E	-2.882	Deleterious	
P239Q	-2.734	Deleterious	
P239K	-2.857	Deleterious	
P239R	-3.261	Deleterious	
T240L	-4.318	Deleterious	
T240F	-4.721	Deleterious	
T240C	-4.074	Deleterious	
T240A	-2.682	Deleterious	
T240G	-3.954	Deleterious	
T240S	-1.082	Neutral	
T240Y	-4.603	Deleterious	
T240P	-3.665	Deleterious	
T240H	-4.012	Deleterious	
T240E	-2.739	Deleterious	
T240Q	-2.612	Deleterious	
T240K	-3.154	Deleterious	
T240R	-3.441	Deleterious	
A241L	-4.906	Deleterious	
A241F	-5.783	Deleterious	
A241C	-3.921	Deleterious	
A241G	-3.621	Deleterious	
A241S	-2.865	Deleterious	
A241Y	-5.826	Deleterious	
A241P	-4.843	Deleterious	
A241H	-5.798	Deleterious	
A241E	-4.843	Deleterious	
A241Q	-4.843	Deleterious	
A241K	-4.843	Deleterious	
A241R	-4.843	Deleterious	
M242L	0.568	Neutral	
M242F	-1.954	Neutral	
M242C	-2.845	Deleterious	
M242A	-2.747	Deleterious	
M242G	-5.564	Deleterious	
M242S	-3.684	Deleterious	
M242Y	-2.845	Deleterious	
M242P	-4.575	Deleterious	
M242H	-4.672	Deleterious	
M242E	-4.574	Deleterious	
M242Q	-4.004	Deleterious	
M242K	-4.154	Deleterious	
M242R	-4.251	Deleterious	
L243F	-3.049	Deleterious	
L243C	-3.934	Deleterious	
L243A	-3.565	Deleterious	
L243G	-6.498	Deleterious	
L243S	-4.822	Deleterious	
L243Y	-3.835	Deleterious	
L243P	-5.642	Deleterious	
L243H	-5.812	Deleterious	
L243E	-5.609	Deleterious	
L243Q	-4.924	Deleterious	
L243K	-4.924	Deleterious	
L243R	-5.160	Deleterious	
V244L	-2.832	Deleterious	
V244F	-4.809	Deleterious	
V244C	-4.876	Deleterious	
V244A	-3.953	Deleterious	
V244G	-6.919	Deleterious	
V244S	-5.863	Deleterious	
V244Y	-4.876	Deleterious	
V244P	-5.931	Deleterious	
V244H	-6.853	Deleterious	
V244E	-5.930	Deleterious	
V244Q	-5.930	Deleterious	
V244K	-5.930	Deleterious	
V244R	-6.853	Deleterious	
A245L	-4.735	Deleterious	
A245F	-5.416	Deleterious	
A245C	-3.766	Deleterious	
A245G	-2.402	Neutral	
A245S	-2.450	Neutral	
A245Y	-5.412	Deleterious	
A245P	-4.421	Deleterious	
A245H	-5.252	Deleterious	
A245E	-4.398	Deleterious	
A245Q	-4.410	Deleterious	
A245K	-4.415	Deleterious	
A245R	-4.419	Deleterious	
N246L	-8.297	Deleterious	
N246F	-8.297	Deleterious	
N246C	-8.197	Deleterious	
N246A	-7.108	Deleterious	
N246G	-5.431	Deleterious	
N246S	-4.142	Deleterious	
N246Y	-7.408	Deleterious	
N246P	-7.305	Deleterious	
N246H	-4.643	Deleterious	
N246E	-5.431	Deleterious	
N246Q	-5.431	Deleterious	
N246K	-5.431	Deleterious	
N246R	-5.531	Deleterious	
D247L	-9.884	Deleterious	
D247F	-8.896	Deleterious	
D247C	-8.896	Deleterious	
D247A	-7.908	Deleterious	
D247G	-6.920	Deleterious	
D247S	-5.930	Deleterious	
D247Y	-8.896	Deleterious	
D247P	-6.919	Deleterious	
D247H	-6.920	Deleterious	
D247E	-3.954	Deleterious	
D247Q	-5.931	Deleterious	
D247K	-6.920	Deleterious	
D247R	-7.908	Deleterious	
Q248L	-6.898	Deleterious	
Q248F	-7.876	Deleterious	
Q248C	-7.887	Deleterious	
Q248A	-5.900	Deleterious	
Q248G	-6.888	Deleterious	
Q248S	-4.911	Deleterious	
Q248Y	-5.910	Deleterious	
Q248P	-5.900	Deleterious	
Q248H	-4.912	Deleterious	
Q248E	-2.904	Deleterious	
Q248K	-3.923	Deleterious	
Q248R	-3.933	Deleterious	
M249L	-2.966	Deleterious	
M249F	-4.942	Deleterious	
M249C	-5.930	Deleterious	
M249A	-5.931	Deleterious	
M249G	-7.908	Deleterious	
M249S	-5.931	Deleterious	
M249Y	-5.930	Deleterious	
M249P	-6.919	Deleterious	
M249H	-6.919	Deleterious	
M249E	-6.919	Deleterious	
M249Q	-4.942	Deleterious	
M249K	-5.930	Deleterious	
M249R	-5.929	Deleterious	
A250L	-4.942	Deleterious	
A250F	-5.930	Deleterious	
A250C	-3.954	Deleterious	
A250G	-3.954	Deleterious	
A250S	-2.966	Deleterious	
A250Y	-5.930	Deleterious	
A250P	-4.943	Deleterious	
A250H	-5.931	Deleterious	
A250E	-4.943	Deleterious	
A250Q	-4.942	Deleterious	
A250K	-4.942	Deleterious	
A250R	-4.941	Deleterious	
L251F	-3.620	Deleterious	
L251C	-4.842	Deleterious	
L251A	-4.842	Deleterious	
L251G	-7.740	Deleterious	
L251S	-5.797	Deleterious	
L251Y	-4.675	Deleterious	
L251P	-6.818	Deleterious	
L251H	-6.719	Deleterious	
L251E	-6.786	Deleterious	
L251Q	-5.830	Deleterious	
L251K	-5.830	Deleterious	
L251R	-5.829	Deleterious	
G252L	-9.885	Deleterious	
G252F	-8.896	Deleterious	
G252C	-8.894	Deleterious	
G252A	-5.930	Deleterious	
G252S	-5.923	Deleterious	
G252Y	-8.895	Deleterious	
G252P	-7.907	Deleterious	
G252H	-7.908	Deleterious	
G252E	-7.908	Deleterious	
G252Q	-7.908	Deleterious	
G252K	-7.908	Deleterious	
G252R	-7.908	Deleterious	
A253L	-0.615	Neutral	
A253F	-2.307	Neutral	
A253C	-1.760	Neutral	
A253G	-3.191	Deleterious	
A253S	-2.132	Neutral	
A253Y	-2.309	Neutral	
A253P	-2.718	Deleterious	
A253H	-3.703	Deleterious	
A253E	-2.717	Deleterious	
A253Q	-2.713	Deleterious	
A253K	-2.714	Deleterious	
A253R	-3.409	Deleterious	
M254L	0.793	Neutral	
M254F	-2.590	Deleterious	
M254C	-3.576	Deleterious	
M254A	-3.578	Deleterious	
M254G	-6.320	Deleterious	
M254S	-4.342	Deleterious	
M254Y	-3.579	Deleterious	
M254P	-5.329	Deleterious	
M254H	-5.331	Deleterious	
M254E	-5.330	Deleterious	
M254Q	-4.177	Deleterious	
M254K	-4.403	Deleterious	
M254R	-4.403	Deleterious	
R255L	-4.586	Deleterious	
R255F	-5.274	Deleterious	
R255C	-4.538	Deleterious	
R255A	-2.863	Deleterious	
R255G	-4.020	Deleterious	
R255S	-2.097	Neutral	
R255Y	-4.653	Deleterious	
R255P	-4.353	Deleterious	
R255H	-3.143	Deleterious	
R255E	-2.843	Deleterious	
R255Q	-2.187	Neutral	
R255K	-1.566	Neutral	
A256L	-4.869	Deleterious	
A256F	-5.691	Deleterious	
A256C	-3.954	Deleterious	
A256G	-3.955	Deleterious	
A256S	-2.958	Deleterious	
A256Y	-5.542	Deleterious	
A256P	-4.925	Deleterious	
A256H	-5.700	Deleterious	
A256E	-4.860	Deleterious	
A256Q	-4.774	Deleterious	
A256K	-4.878	Deleterious	
A256R	-4.878	Deleterious	
I257L	0.813	Neutral	
I257F	-1.957	Neutral	
I257C	-1.459	Neutral	
I257A	-2.467	Neutral	
I257G	-5.405	Deleterious	
I257S	-3.524	Deleterious	
I257Y	-2.809	Deleterious	
I257P	-4.672	Deleterious	
I257H	-4.649	Deleterious	
I257E	-4.774	Deleterious	
I257Q	-4.043	Deleterious	
I257K	-4.043	Deleterious	
I257R	-4.077	Deleterious	
T258L	-1.751	Neutral	
T258F	-1.147	Neutral	
T258C	-1.479	Neutral	
T258A	0.273	Neutral	
T258G	-0.725	Neutral	
T258S	0.810	Neutral	
T258Y	0.328	Neutral	
T258P	-1.007	Neutral	
T258H	3.477	Neutral	
T258E	0.339	Neutral	
T258Q	0.306	Neutral	
T258K	-0.017	Neutral	
T258R	0.282	Neutral	
E259L	-6.286	Deleterious	
E259F	-6.481	Deleterious	
E259C	-7.270	Deleterious	
E259A	-4.733	Deleterious	
E259G	-5.726	Deleterious	
E259S	-3.782	Deleterious	
E259Y	-5.064	Deleterious	
E259P	-4.770	Deleterious	
E259H	-3.651	Deleterious	
E259Q	-0.848	Neutral	
E259K	-2.821	Deleterious	
E259R	-3.422	Deleterious	
S260L	0.494	Neutral	
S260F	0.662	Neutral	
S260C	-0.676	Neutral	
S260A	0.073	Neutral	
S260G	-1.549	Neutral	
S260Y	1.231	Neutral	
S260P	-1.408	Neutral	
S260H	0.803	Neutral	
S260E	-0.364	Neutral	
S260Q	0.262	Neutral	
S260K	0.196	Neutral	
S260R	0.166	Neutral	
G261L	-6.750	Deleterious	
G261F	-6.313	Deleterious	
G261C	-6.328	Deleterious	
G261A	-4.022	Deleterious	
G261S	-3.122	Deleterious	
G261Y	-5.936	Deleterious	
G261P	-5.237	Deleterious	
G261H	-4.455	Deleterious	
G261E	-4.402	Deleterious	
G261Q	-4.277	Deleterious	
G261K	-4.435	Deleterious	
G261R	-4.583	Deleterious	
L262F	-2.194	Neutral	
L262C	-3.029	Deleterious	
L262A	-2.505	Deleterious	
L262G	-5.056	Deleterious	
L262S	-3.392	Deleterious	
L262Y	-2.711	Deleterious	
L262P	-4.244	Deleterious	
L262H	-4.173	Deleterious	
L262E	-3.897	Deleterious	
L262Q	-3.457	Deleterious	
L262K	-3.091	Deleterious	
L262R	-3.204	Deleterious	
R263L	-3.186	Deleterious	
R263F	-3.956	Deleterious	
R263C	-3.400	Deleterious	
R263A	-1.310	Neutral	
R263G	-2.684	Deleterious	
R263S	-1.273	Neutral	
R263Y	-3.431	Deleterious	
R263P	-2.814	Deleterious	
R263H	-2.258	Neutral	
R263E	-1.492	Neutral	
R263Q	-1.185	Neutral	
R263K	-0.872	Neutral	
V264L	-2.220	Neutral	
V264F	-3.939	Deleterious	
V264C	-4.182	Deleterious	
V264A	-3.334	Deleterious	
V264G	-5.597	Deleterious	
V264S	-4.836	Deleterious	
V264Y	-4.184	Deleterious	
V264P	-5.194	Deleterious	
V264H	-5.880	Deleterious	
V264E	-5.240	Deleterious	
V264Q	-5.240	Deleterious	
V264K	-5.240	Deleterious	
V264R	-5.878	Deleterious	
G265L	-1.720	Neutral	
G265F	-2.481	Neutral	
G265C	-1.571	Neutral	
G265A	0.502	Neutral	
G265S	0.466	Neutral	
G265Y	-1.684	Neutral	
G265P	6.416	Neutral	
G265H	-0.779	Neutral	
G265E	0.084	Neutral	
G265Q	0.084	Neutral	
G265K	0.084	Neutral	
G265R	-0.702	Neutral	
A266L	-2.133	Neutral	
A266F	-2.429	Neutral	
A266C	-2.315	Neutral	
A266G	0.148	Neutral	
A266S	0.419	Neutral	
A266Y	-1.664	Neutral	
A266P	-1.071	Neutral	
A266H	-0.674	Neutral	
A266E	1.031	Neutral	
A266Q	1.253	Neutral	
A266K	0.181	Neutral	
A266R	-0.118	Neutral	
D267L	-4.689	Deleterious	
D267F	-4.713	Deleterious	
D267C	-4.870	Deleterious	
D267A	-3.072	Deleterious	
D267G	-3.518	Deleterious	
D267S	-1.847	Neutral	
D267Y	-3.635	Deleterious	
D267P	-3.036	Deleterious	
D267H	-1.908	Neutral	
D267E	0.089	Neutral	
D267Q	0.148	Neutral	
D267K	-1.874	Neutral	
D267R	-2.286	Neutral	
I268L	-1.324	Neutral	
I268F	-3.460	Deleterious	
I268C	-4.052	Deleterious	
I268A	-3.537	Deleterious	
I268G	-6.449	Deleterious	
I268S	-4.803	Deleterious	
I268Y	-4.067	Deleterious	
I268P	-5.537	Deleterious	
I268H	-5.868	Deleterious	
I268E	-5.476	Deleterious	
I268Q	-5.295	Deleterious	
I268K	-5.212	Deleterious	
I268R	-5.597	Deleterious	
S269L	-5.909	Deleterious	
S269F	-5.914	Deleterious	
S269C	-4.920	Deleterious	
S269A	-2.932	Deleterious	
S269G	-3.937	Deleterious	
S269Y	-5.914	Deleterious	
S269P	-4.926	Deleterious	
S269H	-4.931	Deleterious	
S269E	-3.943	Deleterious	
S269Q	-3.943	Deleterious	
S269K	-3.943	Deleterious	
S269R	-4.926	Deleterious	
V270L	-2.579	Deleterious	
V270F	-4.653	Deleterious	
V270C	-4.749	Deleterious	
V270A	-3.857	Deleterious	
V270G	-6.822	Deleterious	
V270S	-5.738	Deleterious	
V270Y	-4.749	Deleterious	
V270P	-5.834	Deleterious	
V270H	-6.726	Deleterious	
V270E	-5.834	Deleterious	
V270Q	-5.785	Deleterious	
V270K	-5.784	Deleterious	
V270R	-6.676	Deleterious	
V271L	-1.590	Neutral	
V271F	-3.434	Deleterious	
V271C	-3.838	Deleterious	
V271A	-3.387	Deleterious	
V271G	-6.203	Deleterious	
V271S	-4.410	Deleterious	
V271Y	-3.971	Deleterious	
V271P	-5.214	Deleterious	
V271H	-5.665	Deleterious	
V271E	-5.214	Deleterious	
V271Q	-5.181	Deleterious	
V271K	-5.198	Deleterious	
V271R	-5.515	Deleterious	
G272L	-9.885	Deleterious	
G272F	-8.897	Deleterious	
G272C	-8.897	Deleterious	
G272A	-5.931	Deleterious	
G272S	-5.931	Deleterious	
G272Y	-8.897	Deleterious	
G272P	-7.908	Deleterious	
G272H	-7.908	Deleterious	
G272E	-7.908	Deleterious	
G272Q	-7.908	Deleterious	
G272K	-7.908	Deleterious	
G272R	-7.908	Deleterious	
Y273L	-6.248	Deleterious	
Y273F	-1.638	Neutral	
Y273C	-7.564	Deleterious	
Y273A	-7.562	Deleterious	
Y273G	-8.547	Deleterious	
Y273S	-7.559	Deleterious	
Y273P	-8.878	Deleterious	
Y273H	-4.584	Deleterious	
Y273E	-7.887	Deleterious	
Y273Q	-7.232	Deleterious	
Y273K	-7.890	Deleterious	
Y273R	-7.886	Deleterious	
D274L	-9.885	Deleterious	
D274F	-8.897	Deleterious	
D274C	-8.897	Deleterious	
D274A	-7.908	Deleterious	
D274G	-6.920	Deleterious	
D274S	-5.931	Deleterious	
D274Y	-8.897	Deleterious	
D274P	-6.920	Deleterious	
D274H	-6.920	Deleterious	
D274E	-3.954	Deleterious	
D274Q	-5.931	Deleterious	
D274K	-6.920	Deleterious	
D274R	-7.908	Deleterious	
D275L	-9.619	Deleterious	
D275F	-8.631	Deleterious	
D275C	-8.631	Deleterious	
D275A	-7.566	Deleterious	
D275G	-6.388	Deleterious	
D275S	-5.665	Deleterious	
D275Y	-8.631	Deleterious	
D275P	-6.692	Deleterious	
D275H	-6.692	Deleterious	
D275E	-3.840	Deleterious	
D275Q	-5.741	Deleterious	
D275K	-6.692	Deleterious	
D275R	-7.642	Deleterious	
T276L	-5.213	Deleterious	
T276F	-6.268	Deleterious	
T276C	-5.409	Deleterious	
T276A	-4.409	Deleterious	
T276G	-6.427	Deleterious	
T276S	-3.602	Deleterious	
T276Y	-6.234	Deleterious	
T276P	-5.446	Deleterious	
T276H	-6.334	Deleterious	
T276E	-5.346	Deleterious	
T276Q	-5.246	Deleterious	
T276K	-5.379	Deleterious	
T276R	-5.413	Deleterious	
E277L	-2.451	Neutral	
E277F	-2.579	Deleterious	
E277C	-2.786	Deleterious	
E277A	-0.468	Neutral	
E277G	-2.235	Neutral	
E277S	-0.847	Neutral	
E277Y	-1.385	Neutral	
E277P	-0.263	Neutral	
E277H	-1.297	Neutral	
E277Q	-0.215	Neutral	
E277K	-0.942	Neutral	
E277R	-1.303	Neutral	
D278L	-8.498	Deleterious	
D278F	-7.740	Deleterious	
D278C	-7.971	Deleterious	
D278A	-6.454	Deleterious	
D278G	-5.761	Deleterious	
D278S	-4.775	Deleterious	
D278Y	-7.509	Deleterious	
D278P	-5.796	Deleterious	
D278H	-5.566	Deleterious	
D278E	-2.239	Neutral	
D278Q	-4.380	Deleterious	
D278K	-5.335	Deleterious	
D278R	-6.290	Deleterious	
S279L	-5.798	Deleterious	
S279F	-5.831	Deleterious	
S279C	-4.809	Deleterious	
S279A	-2.766	Deleterious	
S279G	-3.854	Deleterious	
S279Y	-5.831	Deleterious	
S279P	-4.843	Deleterious	
S279H	-4.876	Deleterious	
S279E	-3.887	Deleterious	
S279Q	-3.887	Deleterious	
S279K	-3.887	Deleterious	
S279R	-4.843	Deleterious	
S280L	-2.087	Neutral	
S280F	-3.073	Deleterious	
S280C	-1.636	Neutral	
S280A	1.634	Neutral	
S280G	-1.471	Neutral	
S280Y	-2.806	Deleterious	
S280P	-2.085	Neutral	
S280H	-2.571	Deleterious	
S280E	-1.515	Neutral	
S280Q	-1.049	Neutral	
S280K	-1.549	Neutral	
S280R	-1.551	Neutral	
C281L	-0.338	Neutral	
C281F	3.285	Neutral	
C281A	-1.306	Neutral	
C281G	-2.226	Neutral	
C281S	-1.433	Neutral	
C281Y	4.613	Neutral	
C281P	-2.782	Deleterious	
C281H	0.574	Neutral	
C281E	-2.048	Neutral	
C281Q	-1.293	Neutral	
C281K	-1.921	Neutral	
C281R	-1.921	Neutral	
Y282L	-4.420	Deleterious	
Y282F	0.928	Neutral	
Y282C	-6.105	Deleterious	
Y282A	-6.105	Deleterious	
Y282G	-7.093	Deleterious	
Y282S	-6.104	Deleterious	
Y282P	-7.790	Deleterious	
Y282H	-4.243	Deleterious	
Y282E	-6.801	Deleterious	
Y282Q	-6.510	Deleterious	
Y282K	-6.802	Deleterious	
Y282R	-6.802	Deleterious	
I283L	0.043	Neutral	
I283F	-0.226	Neutral	
I283C	-0.867	Neutral	
I283A	0.427	Neutral	
I283G	-0.878	Neutral	
I283S	1.224	Neutral	
I283Y	0.634	Neutral	
I283P	-0.212	Neutral	
I283H	1.420	Neutral	
I283E	1.082	Neutral	
I283Q	1.867	Neutral	
I283K	0.644	Neutral	
I283R	0.657	Neutral	
P284L	-9.885	Deleterious	
P284F	-10.874	Deleterious	
P284C	-9.885	Deleterious	
P284A	-7.908	Deleterious	
P284G	-8.897	Deleterious	
P284S	-7.875	Deleterious	
P284Y	-9.792	Deleterious	
P284H	-8.441	Deleterious	
P284E	-7.908	Deleterious	
P284Q	-7.808	Deleterious	
P284K	-7.908	Deleterious	
P284R	-8.897	Deleterious	
P285L	-7.638	Deleterious	
P285F	-8.540	Deleterious	
P285C	-7.405	Deleterious	
P285A	-5.133	Deleterious	
P285G	-6.563	Deleterious	
P285S	-5.316	Deleterious	
P285Y	-7.785	Deleterious	
P285H	-6.944	Deleterious	
P285E	-5.955	Deleterious	
P285Q	-5.955	Deleterious	
P285K	-5.955	Deleterious	
P285R	-6.797	Deleterious	
L286F	-3.948	Deleterious	
L286C	-4.934	Deleterious	
L286A	-4.931	Deleterious	
L286G	-7.893	Deleterious	
L286S	-5.913	Deleterious	
L286Y	-4.935	Deleterious	
L286P	-6.908	Deleterious	
L286H	-6.908	Deleterious	
L286E	-6.906	Deleterious	
L286Q	-5.919	Deleterious	
L286K	-5.919	Deleterious	
L286R	-5.921	Deleterious	
T287L	-5.914	Deleterious	
T287F	-6.897	Deleterious	
T287C	-5.909	Deleterious	
T287A	-4.915	Deleterious	
T287G	-6.886	Deleterious	
T287S	-3.915	Deleterious	
T287Y	-6.897	Deleterious	
T287P	-5.909	Deleterious	
T287H	-6.892	Deleterious	
T287E	-5.903	Deleterious	
T287Q	-5.903	Deleterious	
T287K	-5.903	Deleterious	
T287R	-5.909	Deleterious	
T288L	-5.931	Deleterious	
T288F	-6.920	Deleterious	
T288C	-5.931	Deleterious	
T288A	-4.943	Deleterious	
T288G	-6.920	Deleterious	
T288S	-3.954	Deleterious	
T288Y	-6.920	Deleterious	
T288P	-5.931	Deleterious	
T288H	-6.920	Deleterious	
T288E	-5.931	Deleterious	
T288Q	-5.931	Deleterious	
T288K	-5.931	Deleterious	
T288R	-5.931	Deleterious	
I289L	-1.942	Neutral	
I289F	-3.918	Deleterious	
I289C	-4.285	Deleterious	
I289A	-3.662	Deleterious	
I289G	-6.616	Deleterious	
I289S	-5.236	Deleterious	
I289Y	-4.291	Deleterious	
I289P	-5.639	Deleterious	
I289H	-6.249	Deleterious	
I289E	-5.633	Deleterious	
I289Q	-5.628	Deleterious	
I289K	-5.628	Deleterious	
I289R	-6.244	Deleterious	
K290L	-3.614	Deleterious	
K290F	-4.470	Deleterious	
K290C	-4.070	Deleterious	
K290A	-1.726	Neutral	
K290G	-3.214	Deleterious	
K290S	-1.717	Neutral	
K290Y	-3.748	Deleterious	
K290P	-3.272	Deleterious	
K290H	-2.380	Neutral	
K290E	-1.595	Neutral	
K290Q	-1.182	Neutral	
K290R	0.878	Neutral	
Q291L	-5.070	Deleterious	
Q291F	-6.279	Deleterious	
Q291C	-6.487	Deleterious	
Q291A	-4.814	Deleterious	
Q291G	-6.032	Deleterious	
Q291S	-4.093	Deleterious	
Q291Y	-4.664	Deleterious	
Q291P	-5.081	Deleterious	
Q291H	-3.888	Deleterious	
Q291E	-2.553	Deleterious	
Q291K	-3.308	Deleterious	
Q291R	-3.271	Deleterious	
D292L	-8.420	Deleterious	
D292F	-7.692	Deleterious	
D292C	-7.498	Deleterious	
D292A	-6.217	Deleterious	
D292G	-5.649	Deleterious	
D292S	-4.661	Deleterious	
D292Y	-7.626	Deleterious	
D292P	-5.878	Deleterious	
D292H	-5.778	Deleterious	
D292E	-3.270	Deleterious	
D292Q	-4.921	Deleterious	
D292K	-5.746	Deleterious	
D292R	-6.572	Deleterious	
F293L	-4.355	Deleterious	
F293C	-6.757	Deleterious	
F293A	-6.757	Deleterious	
F293G	-8.073	Deleterious	
F293S	-6.921	Deleterious	
F293Y	-2.636	Deleterious	
F293P	-8.733	Deleterious	
F293H	-6.261	Deleterious	
F293E	-7.909	Deleterious	
F293Q	-7.779	Deleterious	
F293K	-7.779	Deleterious	
F293R	-7.779	Deleterious	
R294L	-3.305	Deleterious	
R294F	-3.918	Deleterious	
R294C	-3.859	Deleterious	
R294A	-2.182	Neutral	
R294G	-2.737	Deleterious	
R294S	-1.548	Neutral	
R294Y	-3.322	Deleterious	
R294P	-2.762	Deleterious	
R294H	-1.793	Neutral	
R294E	-0.922	Neutral	
R294Q	-0.927	Neutral	
R294K	-0.536	Neutral	
L295F	-2.135	Neutral	
L295C	-2.885	Deleterious	
L295A	-1.793	Neutral	
L295G	-3.804	Deleterious	
L295S	-1.884	Neutral	
L295Y	-1.962	Neutral	
L295P	-2.923	Deleterious	
L295H	-2.175	Neutral	
L295E	-1.119	Neutral	
L295Q	-0.670	Neutral	
L295K	-1.517	Neutral	
L295R	-1.578	Neutral	
L296F	-2.928	Deleterious	
L296C	-3.424	Deleterious	
L296A	-2.702	Deleterious	
L296G	-5.381	Deleterious	
L296S	-3.485	Deleterious	
L296Y	-3.385	Deleterious	
L296P	-4.704	Deleterious	
L296H	-4.667	Deleterious	
L296E	-4.270	Deleterious	
L296Q	-3.246	Deleterious	
L296K	-3.779	Deleterious	
L296R	-3.813	Deleterious	
G297L	-9.615	Deleterious	
G297F	-8.661	Deleterious	
G297C	-8.627	Deleterious	
G297A	-5.696	Deleterious	
G297S	-5.596	Deleterious	
G297Y	-8.661	Deleterious	
G297P	-7.672	Deleterious	
G297H	-7.672	Deleterious	
G297E	-7.639	Deleterious	
G297Q	-7.639	Deleterious	
G297K	-7.639	Deleterious	
G297R	-7.672	Deleterious	
Q298L	-3.311	Deleterious	
Q298F	-3.823	Deleterious	
Q298C	-4.144	Deleterious	
Q298A	-1.919	Neutral	
Q298G	-3.019	Deleterious	
Q298S	-1.361	Neutral	
Q298Y	-2.819	Deleterious	
Q298P	-2.447	Neutral	
Q298H	-1.183	Neutral	
Q298E	0.552	Neutral	
Q298K	0.632	Neutral	
Q298R	0.104	Neutral	
T299L	-1.455	Neutral	
T299F	-2.075	Neutral	
T299C	-2.268	Neutral	
T299A	-0.032	Neutral	
T299G	-1.029	Neutral	
T299S	0.355	Neutral	
T299Y	-1.162	Neutral	
T299P	-0.777	Neutral	
T299H	0.301	Neutral	
T299E	2.217	Neutral	
T299Q	1.962	Neutral	
T299K	1.728	Neutral	
T299R	2.273	Neutral	
S300L	-3.842	Deleterious	
S300F	-4.296	Deleterious	
S300C	-2.416	Neutral	
S300A	-0.081	Neutral	
S300G	-2.263	Neutral	
S300Y	-4.295	Deleterious	
S300P	-3.404	Deleterious	
S300H	-3.838	Deleterious	
S300E	-2.976	Deleterious	
S300Q	-2.926	Deleterious	
S300K	-2.928	Deleterious	
S300R	-3.270	Deleterious	
V301L	-2.560	Deleterious	
V301F	-4.565	Deleterious	
V301C	-4.564	Deleterious	
V301A	-3.581	Deleterious	
V301G	-6.475	Deleterious	
V301S	-5.455	Deleterious	
V301Y	-4.630	Deleterious	
V301P	-5.589	Deleterious	
V301H	-6.474	Deleterious	
V301E	-5.588	Deleterious	
V301Q	-5.553	Deleterious	
V301K	-5.487	Deleterious	
V301R	-6.107	Deleterious	
D302L	-3.207	Deleterious	
D302F	-3.550	Deleterious	
D302C	-3.333	Deleterious	
D302A	-1.514	Neutral	
D302G	-1.937	Neutral	
D302S	-0.478	Neutral	
D302Y	-3.166	Deleterious	
D302P	-2.268	Neutral	
D302H	-1.908	Neutral	
D302E	-0.133	Neutral	
D302Q	-0.847	Neutral	
D302K	-1.049	Neutral	
D302R	-1.560	Neutral	
R303L	-2.106	Neutral	
R303F	-2.757	Deleterious	
R303C	-3.461	Deleterious	
R303A	-2.307	Neutral	
R303G	-3.035	Deleterious	
R303S	-2.379	Neutral	
R303Y	-1.924	Neutral	
R303P	-3.332	Deleterious	
R303H	-1.276	Neutral	
R303E	-1.979	Neutral	
R303Q	-1.108	Neutral	
R303K	-1.239	Neutral	
L304F	-3.360	Deleterious	
L304C	-3.677	Deleterious	
L304A	-3.543	Deleterious	
L304G	-6.231	Deleterious	
L304S	-4.662	Deleterious	
L304Y	-4.190	Deleterious	
L304P	-5.723	Deleterious	
L304H	-5.539	Deleterious	
L304E	-5.545	Deleterious	
L304Q	-4.883	Deleterious	
L304K	-4.933	Deleterious	
L304R	-4.998	Deleterious	
L305F	-2.758	Deleterious	
L305C	-3.380	Deleterious	
L305A	-2.722	Deleterious	
L305G	-5.363	Deleterious	
L305S	-3.680	Deleterious	
L305Y	-3.396	Deleterious	
L305P	-4.659	Deleterious	
L305H	-4.505	Deleterious	
L305E	-4.293	Deleterious	
L305Q	-4.011	Deleterious	
L305K	-4.091	Deleterious	
L305R	-4.352	Deleterious	
Q306L	-1.531	Neutral	
Q306F	-2.670	Deleterious	
Q306C	-2.104	Neutral	
Q306A	-0.132	Neutral	
Q306G	-1.782	Neutral	
Q306S	-0.313	Neutral	
Q306Y	-2.314	Neutral	
Q306P	-2.109	Neutral	
Q306H	-1.693	Neutral	
Q306E	-0.390	Neutral	
Q306K	-0.842	Neutral	
Q306R	-0.975	Neutral	
L307F	-1.333	Neutral	
L307C	-1.314	Neutral	
L307A	-0.390	Neutral	
L307G	-1.667	Neutral	
L307S	-0.725	Neutral	
L307Y	-1.379	Neutral	
L307P	-0.856	Neutral	
L307H	-0.903	Neutral	
L307E	-0.779	Neutral	
L307Q	-0.417	Neutral	
L307K	-0.514	Neutral	
L307R	-0.281	Neutral	
S308L	0.584	Neutral	
S308F	-1.028	Neutral	
S308C	-1.250	Neutral	
S308A	-0.128	Neutral	
S308G	-1.397	Neutral	
S308Y	-1.024	Neutral	
S308P	-1.277	Neutral	
S308H	-0.360	Neutral	
S308E	-0.347	Neutral	
S308Q	-0.576	Neutral	
S308K	-0.707	Neutral	
S308R	-1.055	Neutral	
Q309L	-1.945	Neutral	
Q309F	-2.833	Deleterious	
Q309C	-2.865	Deleterious	
Q309A	-1.062	Neutral	
Q309G	-1.604	Neutral	
Q309S	-0.702	Neutral	
Q309Y	-2.020	Neutral	
Q309P	-1.037	Neutral	
Q309H	-0.358	Neutral	
Q309E	0.327	Neutral	
Q309K	-0.557	Neutral	
Q309R	-0.728	Neutral	
G310L	-2.352	Neutral	
G310F	-2.563	Deleterious	
G310C	-2.393	Neutral	
G310A	-0.308	Neutral	
G310S	-0.018	Neutral	
G310Y	-2.058	Neutral	
G310P	-1.644	Neutral	
G310H	-0.269	Neutral	
G310E	-0.373	Neutral	
G310Q	-0.611	Neutral	
G310K	-1.049	Neutral	
G310R	-0.979	Neutral	
Q311L	-3.171	Deleterious	
Q311F	-3.464	Deleterious	
Q311C	-3.377	Deleterious	
Q311A	-1.650	Neutral	
Q311G	-1.794	Neutral	
Q311S	-0.948	Neutral	
Q311Y	-2.574	Deleterious	
Q311P	0.549	Neutral	
Q311H	-0.892	Neutral	
Q311E	0.238	Neutral	
Q311K	-0.887	Neutral	
Q311R	-1.114	Neutral	
A312L	-1.550	Neutral	
A312F	-2.227	Neutral	
A312C	-2.122	Neutral	
A312G	-0.853	Neutral	
A312S	0.099	Neutral	
A312Y	-1.791	Neutral	
A312P	-0.645	Neutral	
A312H	-0.727	Neutral	
A312E	0.354	Neutral	
A312Q	-0.129	Neutral	
A312K	-0.391	Neutral	
A312R	-0.577	Neutral	
V313L	-0.422	Neutral	
V313F	-1.440	Neutral	
V313C	-1.146	Neutral	
V313A	0.449	Neutral	
V313G	-0.253	Neutral	
V313S	0.093	Neutral	
V313Y	-1.005	Neutral	
V313P	0.295	Neutral	
V313H	-0.161	Neutral	
V313E	0.391	Neutral	
V313Q	0.408	Neutral	
V313K	0.165	Neutral	
V313R	0.004	Neutral	
K314L	-1.179	Neutral	
K314F	-1.718	Neutral	
K314C	-1.020	Neutral	
K314A	0.071	Neutral	
K314G	-1.348	Neutral	
K314S	0.108	Neutral	
K314Y	-1.342	Neutral	
K314P	-0.141	Neutral	
K314H	-1.110	Neutral	
K314E	-0.629	Neutral	
K314Q	-0.377	Neutral	
K314R	-0.172	Neutral	
G315L	-0.511	Neutral	
G315F	-0.687	Neutral	
G315C	-0.965	Neutral	
G315A	0.736	Neutral	
G315S	1.225	Neutral	
G315Y	-0.627	Neutral	
G315P	-0.101	Neutral	
G315H	-0.466	Neutral	
G315E	-0.048	Neutral	
G315Q	0.145	Neutral	
G315K	0.043	Neutral	
G315R	-0.152	Neutral	
N316L	-1.819	Neutral	
N316F	-2.119	Neutral	
N316C	-2.115	Neutral	
N316A	-0.564	Neutral	
N316G	-1.357	Neutral	
N316S	1.084	Neutral	
N316Y	-1.735	Neutral	
N316P	-0.797	Neutral	
N316H	-0.648	Neutral	
N316E	-0.423	Neutral	
N316Q	-0.336	Neutral	
N316K	-0.547	Neutral	
N316R	-1.026	Neutral	
Q317L	-0.537	Neutral	
Q317F	-1.810	Neutral	
Q317C	-1.617	Neutral	
Q317A	-0.586	Neutral	
Q317G	-2.341	Neutral	
Q317S	-0.252	Neutral	
Q317Y	-1.536	Neutral	
Q317P	-1.110	Neutral	
Q317H	-1.533	Neutral	
Q317E	-0.200	Neutral	
Q317K	-0.507	Neutral	
Q317R	-0.905	Neutral	
L318F	-2.026	Neutral	
L318C	-1.771	Neutral	
L318A	-1.794	Neutral	
L318G	-3.641	Deleterious	
L318S	-2.301	Neutral	
L318Y	-2.325	Neutral	
L318P	-2.748	Deleterious	
L318H	-3.055	Deleterious	
L318E	-3.100	Deleterious	
L318Q	-2.330	Neutral	
L318K	-2.581	Deleterious	
L318R	-2.369	Neutral	
L319F	-2.777	Deleterious	
L319C	-3.508	Deleterious	
L319A	-3.240	Deleterious	
L319G	-5.592	Deleterious	
L319S	-3.932	Deleterious	
L319Y	-3.458	Deleterious	
L319P	-4.601	Deleterious	
L319H	-4.500	Deleterious	
L319E	-4.257	Deleterious	
L319Q	-3.799	Deleterious	
L319K	-3.956	Deleterious	
L319R	-3.841	Deleterious	
P320L	-6.304	Deleterious	
P320F	-7.371	Deleterious	
P320C	-6.493	Deleterious	
P320A	-4.345	Deleterious	
P320G	-5.722	Deleterious	
P320S	-4.558	Deleterious	
P320Y	-6.681	Deleterious	
P320H	-5.797	Deleterious	
P320E	-4.498	Deleterious	
P320Q	-4.775	Deleterious	
P320K	-4.745	Deleterious	
P320R	-5.598	Deleterious	
V321L	-1.299	Neutral	
V321F	-2.559	Deleterious	
V321C	-1.880	Neutral	
V321A	-0.694	Neutral	
V321G	-3.035	Deleterious	
V321S	-1.056	Neutral	
V321Y	-2.633	Deleterious	
V321P	-1.749	Neutral	
V321H	-3.139	Deleterious	
V321E	-2.065	Neutral	
V321Q	-2.154	Neutral	
V321K	-2.097	Neutral	
V321R	-2.220	Neutral	
S322L	-2.121	Neutral	
S322F	-3.002	Deleterious	
S322C	-2.600	Deleterious	
S322A	-1.041	Neutral	
S322G	-2.293	Neutral	
S322Y	-2.540	Deleterious	
S322P	-1.520	Neutral	
S322H	-1.480	Neutral	
S322E	0.273	Neutral	
S322Q	-0.172	Neutral	
S322K	0.159	Neutral	
S322R	0.105	Neutral	
L323F	-3.033	Deleterious	
L323C	-4.378	Deleterious	
L323A	-4.195	Deleterious	
L323G	-6.800	Deleterious	
L323S	-4.963	Deleterious	
L323Y	-3.911	Deleterious	
L323P	-5.790	Deleterious	
L323H	-5.695	Deleterious	
L323E	-5.583	Deleterious	
L323Q	-4.608	Deleterious	
L323K	-4.884	Deleterious	
L323R	-4.798	Deleterious	
V324L	-2.025	Neutral	
V324F	-3.966	Deleterious	
V324C	-3.993	Deleterious	
V324A	-3.445	Deleterious	
V324G	-6.248	Deleterious	
V324S	-4.865	Deleterious	
V324Y	-4.272	Deleterious	
V324P	-5.366	Deleterious	
V324H	-5.847	Deleterious	
V324E	-5.153	Deleterious	
V324Q	-4.896	Deleterious	
V324K	-5.099	Deleterious	
V324R	-5.532	Deleterious	
K325L	0.405	Neutral	
K325F	-0.878	Neutral	
K325C	-1.093	Neutral	
K325A	0.191	Neutral	
K325G	-1.871	Neutral	
K325S	-0.337	Neutral	
K325Y	-0.681	Neutral	
K325P	-0.284	Neutral	
K325H	-1.016	Neutral	
K325E	1.121	Neutral	
K325Q	0.143	Neutral	
K325R	-0.785	Neutral	
R326L	-5.447	Deleterious	
R326F	-6.760	Deleterious	
R326C	-6.708	Deleterious	
R326A	-5.154	Deleterious	
R326G	-6.180	Deleterious	
R326S	-5.074	Deleterious	
R326Y	-6.072	Deleterious	
R326P	-6.274	Deleterious	
R326H	-4.403	Deleterious	
R326E	-4.343	Deleterious	
R326Q	-3.634	Deleterious	
R326K	-2.803	Deleterious	
K327L	-2.592	Deleterious	
K327F	-3.230	Deleterious	
K327C	-3.462	Deleterious	
K327A	-1.783	Neutral	
K327G	-2.456	Neutral	
K327S	-0.570	Neutral	
K327Y	-1.958	Neutral	
K327P	-2.202	Neutral	
K327H	-0.141	Neutral	
K327E	0.003	Neutral	
K327Q	0.736	Neutral	
K327R	-0.287	Neutral	
T328L	-3.775	Deleterious	
T328F	-4.258	Deleterious	
T328C	-3.375	Deleterious	
T328A	-1.781	Neutral	
T328G	-3.107	Deleterious	
T328S	0.321	Neutral	
T328Y	-4.233	Deleterious	
T328P	-3.065	Deleterious	
T328H	-3.486	Deleterious	
T328E	-2.511	Deleterious	
T328Q	-2.550	Deleterious	
T328K	-2.640	Deleterious	
T328R	-3.242	Deleterious	
T329L	-4.405	Deleterious	
T329F	-5.308	Deleterious	
T329C	-4.229	Deleterious	
T329A	-3.054	Deleterious	
T329G	-4.647	Deleterious	
T329S	-2.692	Deleterious	
T329Y	-5.328	Deleterious	
T329P	-4.290	Deleterious	
T329H	-5.245	Deleterious	
T329E	-4.139	Deleterious	
T329Q	-4.348	Deleterious	
T329K	-4.438	Deleterious	
T329R	-4.607	Deleterious	
